Date, Open, High, Low, Close, Volume
03/30/23, 518.70, 518.70, 518.70, 518.70, 324
03/29/23, 518.70, 518.70, 518.70, 518.70, 700
03/28/23, 518.70, 518.70, 518.70, 518.70, 277
03/27/23, 518.70, 518.70, 518.70, 518.70, 692
03/23/23, 518.70, 518.70, 518.70, 518.70, 109
03/22/23, 518.70, 518.70, 518.70, 518.70, 374
03/21/23, 518.70, 518.70, 518.70, 518.70, 300
03/20/23, 518.70, 518.70, 518.70, 518.70, 375
03/16/23, 518.70, 518.70, 518.70, 518.70, 481
03/15/23, 518.70, 518.70, 518.70, 518.70, 498
03/14/23, 518.70, 518.70, 518.70, 518.70, 99
03/13/23, 518.70, 518.70, 518.70, 518.70, 1287
03/09/23, 518.70, 518.70, 518.70, 518.70, 655
03/07/23, 518.70, 518.70, 518.70, 518.70, 1866
03/06/23, 518.70, 518.70, 518.70, 518.70, 370
03/01/23, 518.70, 518.70, 518.70, 518.70, 2232
02/28/23, 518.70, 518.70, 518.70, 518.70, 1584
02/27/23, 518.70, 518.70, 518.70, 518.70, 1899
02/23/23, 518.70, 518.70, 518.70, 518.70, 1785
02/22/23, 518.70, 518.70, 518.70, 518.70, 638
02/20/23, 518.70, 518.70, 518.70, 518.70, 771
02/16/23, 518.70, 518.70, 518.70, 518.70, 1384
02/15/23, 518.70, 518.70, 518.70, 518.70, 838
02/14/23, 518.70, 518.70, 518.70, 518.70, 491
02/13/23, 518.70, 518.70, 518.70, 518.70, 2369
02/09/23, 518.70, 518.70, 518.70, 518.70, 2383
02/08/23, 518.70, 518.70, 518.70, 518.70, 5282
02/07/23, 518.70, 518.70, 518.70, 518.70, 2156
02/06/23, 518.70, 518.70, 518.70, 518.70, 1404
02/02/23, 518.70, 518.70, 518.70, 518.70, 2409
02/01/23, 518.70, 518.70, 518.70, 518.70, 489
01/31/23, 518.70, 518.70, 518.70, 518.70, 1730
01/30/23, 518.70, 518.70, 518.70, 518.70, 3656
01/26/23, 518.70, 518.70, 518.70, 518.70, 2110
01/25/23, 518.70, 518.70, 518.70, 518.70, 1947
01/24/23, 518.70, 518.70, 518.70, 518.70, 2492
01/23/23, 518.70, 518.70, 518.70, 518.70, 1190
01/19/23, 518.70, 518.70, 518.70, 518.70, 2316
01/18/23, 518.70, 518.70, 518.70, 518.70, 2012
01/17/23, 518.70, 518.70, 518.70, 518.70, 2067
01/16/23, 518.70, 518.70, 518.70, 518.70, 1865
01/12/23, 518.70, 518.70, 518.70, 518.70, 1850
01/11/23, 518.70, 518.70, 518.70, 518.70, 4410
01/10/23, 518.70, 518.70, 518.70, 518.70, 576
01/09/23, 518.70, 518.70, 518.70, 518.70, 1747
01/05/23, 518.70, 518.70, 518.70, 518.70, 3865
01/04/23, 518.70, 518.70, 518.70, 518.70, 1727
01/03/23, 518.70, 518.70, 518.70, 518.70, 1151
01/02/23, 518.70, 518.70, 518.70, 518.70, 1434
12/29/22, 518.70, 518.70, 518.70, 518.70, 1388
12/28/22, 518.70, 518.70, 518.70, 518.70, 588
12/27/22, 518.70, 518.70, 518.70, 518.70, 5316
12/26/22, 518.70, 518.70, 518.70, 518.70, 922
12/22/22, 518.70, 518.70, 518.70, 518.70, 598
12/21/22, 518.70, 518.70, 518.70, 518.70, 975
12/20/22, 518.70, 518.70, 518.70, 518.70, 2268
12/19/22, 518.70, 518.70, 518.70, 518.70, 1297
12/15/22, 518.70, 518.70, 518.70, 518.70, 1735
12/14/22, 518.70, 518.70, 518.70, 518.70, 4320
12/13/22, 518.70, 518.70, 518.70, 518.70, 3329
12/12/22, 518.70, 518.70, 518.70, 518.70, 1607
12/08/22, 518.70, 518.70, 518.70, 518.70, 930
12/07/22, 518.70, 518.70, 518.70, 518.70, 1491
12/06/22, 518.70, 518.70, 518.70, 518.70, 494
12/05/22, 518.70, 518.70, 518.70, 518.70, 623
12/01/22, 518.70, 518.70, 518.70, 518.70, 1252
11/30/22, 518.70, 518.70, 518.70, 518.70, 332
11/29/22, 518.70, 518.70, 518.70, 518.70, 858
11/28/22, 518.70, 518.70, 518.70, 518.70, 1159
11/24/22, 518.70, 518.70, 518.70, 518.70, 4290
11/23/22, 518.70, 518.70, 518.70, 518.70, 542
11/22/22, 518.70, 518.70, 518.70, 518.70, 2905
11/17/22, 518.70, 518.70, 518.70, 518.70, 2128
11/16/22, 518.70, 518.70, 518.70, 518.70, 7250
11/15/22, 518.70, 518.70, 518.70, 518.70, 3024
11/14/22, 518.70, 518.70, 518.70, 518.70, 3815
11/10/22, 518.70, 518.70, 518.70, 518.70, 6449
11/09/22, 518.70, 518.70, 518.70, 518.70, 30355
11/08/22, 518.70, 518.70, 518.70, 518.70, 5985
11/07/22, 518.70, 518.70, 518.70, 518.70, 8753
11/03/22, 518.70, 518.70, 518.70, 518.70, 9922
11/02/22, 518.70, 518.70, 518.70, 518.70, 20214
11/01/22, 518.70, 518.70, 518.70, 518.70, 17093
10/31/22, 518.70, 518.70, 518.70, 518.70, 6954
10/27/22, 518.70, 518.70, 518.70, 518.70, 14628
10/26/22, 518.70, 518.70, 518.70, 518.70, 3944
10/25/22, 518.70, 518.70, 518.70, 518.70, 6675
10/24/22, 518.70, 518.70, 518.70, 518.70, 2825
10/20/22, 518.70, 518.70, 518.70, 518.70, 8952
10/19/22, 518.70, 518.70, 518.70, 518.70, 8761
10/18/22, 518.70, 518.70, 518.70, 518.70, 7468
10/17/22, 518.70, 518.70, 518.70, 518.70, 9571
10/13/22, 518.70, 518.70, 518.70, 518.70, 15033
10/12/22, 518.70, 518.70, 518.70, 518.70, 9285
10/11/22, 518.70, 518.70, 518.70, 518.70, 16835
10/10/22, 518.70, 518.70, 518.70, 518.70, 22505
10/06/22, 518.70, 518.70, 518.70, 518.70, 11116
10/04/22, 518.70, 518.70, 518.70, 518.70, 19530
10/03/22, 518.70, 518.70, 518.70, 518.70, 20380
09/29/22, 518.70, 518.70, 518.70, 518.70, 44420
09/28/22, 518.70, 518.70, 518.70, 518.70, 84540
09/27/22, 518.70, 518.70, 518.70, 518.70, 69501
09/26/22, 518.70, 518.70, 518.70, 518.70, 33013
09/22/22, 518.70, 518.70, 518.70, 518.70, 70325
09/21/22, 518.70, 518.70, 518.70, 518.70, 49184
09/20/22, 518.70, 518.70, 518.70, 518.70, 80997
09/19/22, 518.70, 518.70, 518.70, 518.70, 62786
09/15/22, 518.70, 518.70, 518.70, 518.70, 52466
09/14/22, 518.70, 518.70, 518.70, 518.70, 58560
09/13/22, 518.70, 518.70, 518.70, 518.70, 181540
09/12/22, 518.70, 519.80, 518.70, 518.70, 405049
09/08/22, 518.70, 519.00, 518.70, 518.70, 165253
09/07/22, 518.70, 518.70, 518.70, 518.70, 304152
09/06/22, 520.00, 520.00, 518.70, 518.70, 311061
09/05/22, 524.50, 524.70, 518.80, 519.10, 194806
09/01/22, 519.90, 519.90, 518.70, 519.00, 469299
08/31/22, 521.50, 521.50, 518.80, 519.00, 324068
08/30/22, 521.20, 521.20, 518.90, 519.40, 279693
08/29/22, 523.80, 523.80, 520.00, 520.40, 195434
08/25/22, 518.70, 522.00, 518.70, 519.40, 269713
08/24/22, 520.00, 520.00, 518.70, 518.70, 335841
08/23/22, 521.00, 521.00, 518.70, 518.90, 667456
08/22/22, 523.00, 523.00, 519.50, 520.00, 216451
08/17/22, 520.40, 520.90, 518.70, 518.70, 449969
08/16/22, 523.00, 524.70, 518.70, 519.20, 264920
08/11/22, 520.20, 521.90, 518.70, 519.00, 175299
08/10/22, 522.10, 523.00, 519.70, 520.00, 161187
08/08/22, 530.20, 531.90, 522.00, 523.20, 246660
08/04/22, 524.90, 525.00, 521.00, 523.10, 269148
08/03/22, 526.00, 526.00, 522.00, 523.70, 210016
08/02/22, 522.10, 523.60, 521.10, 521.80, 230101
08/01/22, 529.60, 529.60, 522.50, 523.70, 101294
07/28/22, 518.00, 518.00, 510.00, 514.50, 67678
07/27/22, 521.50, 521.60, 516.00, 516.90, 122940
07/26/22, 522.00, 527.70, 521.00, 522.30, 124971
07/25/22, 518.00, 520.00, 516.00, 519.70, 131554
07/21/22, 524.40, 524.50, 522.20, 523.40, 106048
07/20/22, 530.00, 530.00, 518.00, 521.00, 166289
07/19/22, 528.00, 528.00, 518.00, 521.00, 199735
07/18/22, 538.20, 538.20, 527.80, 528.50, 149234
07/14/22, 541.00, 541.00, 537.90, 538.40, 81513
07/13/22, 539.70, 541.30, 538.60, 539.20, 43602
07/12/22, 543.90, 543.90, 538.50, 539.60, 67869
07/07/22, 544.80, 544.80, 540.10, 541.40, 68432
07/06/22, 540.00, 541.40, 539.60, 540.00, 65977
07/05/22, 540.80, 542.50, 539.70, 539.90, 137821
07/04/22, 541.30, 547.00, 540.00, 540.70, 89833
06/30/22, 543.60, 547.90, 542.50, 543.50, 121785
06/29/22, 542.10, 544.00, 541.50, 542.60, 141003
06/28/22, 543.70, 544.00, 541.00, 541.90, 161737
06/27/22, 542.30, 545.00, 541.00, 541.40, 104386
06/23/22, 547.00, 547.00, 541.90, 542.00, 91800
06/22/22, 542.90, 551.90, 541.50, 542.20, 149398
06/21/22, 553.00, 553.00, 542.80, 542.90, 73057
06/20/22, 551.00, 551.00, 542.90, 543.80, 85808
06/16/22, 545.00, 559.00, 545.00, 548.50, 101383
06/15/22, 551.00, 552.00, 542.70, 544.50, 100754
06/14/22, 552.00, 554.50, 549.50, 549.90, 124720
06/13/22, 553.80, 556.00, 550.00, 551.90, 97212
06/09/22, 568.20, 568.20, 555.60, 556.80, 87694
06/08/22, 565.00, 565.00, 560.00, 562.60, 89964
06/07/22, 569.20, 570.00, 560.50, 561.30, 52923
06/06/22, 570.30, 578.00, 568.40, 570.10, 83431
06/02/22, 550.90, 558.00, 550.90, 555.70, 61678
06/01/22, 550.00, 553.00, 548.70, 550.90, 85561
05/31/22, 550.10, 553.00, 549.50, 550.70, 82027
05/30/22, 552.00, 555.80, 548.00, 549.70, 135230
05/26/22, 539.50, 543.80, 539.10, 540.90, 42025
05/25/22, 540.00, 541.90, 536.00, 539.70, 85499
05/24/22, 549.00, 550.00, 542.20, 543.10, 122326
05/23/22, 546.00, 550.00, 538.20, 546.70, 104834
05/19/22, 547.70, 547.70, 535.10, 539.50, 179774
05/18/22, 557.70, 558.00, 545.30, 547.70, 129700
05/17/22, 563.00, 567.80, 550.00, 553.60, 141802
05/16/22, 578.00, 578.00, 559.00, 561.10, 189674
05/12/22, 583.00, 583.00, 575.00, 575.60, 93349
05/11/22, 581.00, 581.50, 577.10, 579.20, 115669
05/10/22, 585.00, 585.00, 580.00, 580.30, 158545
05/09/22, 581.70, 587.00, 581.70, 583.80, 121554
05/05/22, 582.00, 583.40, 580.00, 581.20, 49898
04/28/22, 580.30, 582.00, 577.70, 581.70, 125843
04/27/22, 583.00, 585.00, 581.00, 581.90, 100163
04/26/22, 584.60, 587.80, 582.50, 582.90, 81089
04/25/22, 587.80, 587.80, 583.20, 584.60, 72503
04/21/22, 582.90, 582.90, 579.30, 579.90, 165403
04/20/22, 579.90, 581.00, 577.00, 578.90, 74376
04/19/22, 574.00, 582.00, 571.20, 579.40, 174386
04/18/22, 573.60, 579.90, 571.10, 574.10, 103354
04/13/22, 576.30, 586.70, 570.50, 576.40, 129033
04/12/22, 576.10, 579.80, 575.10, 576.30, 38859
04/11/22, 578.20, 584.00, 574.50, 579.70, 42286
04/07/22, 578.90, 580.00, 574.50, 576.10, 56793
04/06/22, 582.00, 582.00, 578.20, 578.90, 50258
04/05/22, 583.50, 583.50, 581.00, 581.80, 71063
04/04/22, 589.00, 589.00, 583.90, 584.00, 61128
03/31/22, 580.10, 587.00, 580.10, 584.50, 85417
03/30/22, 582.80, 586.00, 580.10, 580.70, 61399
03/29/22, 589.70, 589.70, 582.40, 582.80, 116596
03/28/22, 585.80, 586.00, 584.40, 585.10, 123647
03/24/22, 589.10, 589.50, 585.40, 586.10, 71681
03/23/22, 589.60, 593.00, 588.00, 589.10, 70403
03/22/22, 590.00, 590.90, 585.20, 589.60, 66911
03/21/22, 586.80, 590.70, 582.00, 588.40, 56012
03/16/22, 593.20, 596.80, 593.20, 595.30, 79277
03/15/22, 593.00, 595.00, 591.70, 592.60, 101214
03/14/22, 589.00, 593.80, 587.40, 590.70, 96161
03/10/22, 575.00, 589.00, 575.00, 579.10, 166829
03/09/22, 570.00, 579.00, 567.00, 573.80, 209244
03/08/22, 573.40, 578.50, 550.10, 566.70, 330911
03/07/22, 593.10, 594.00, 572.50, 573.40, 293089
03/02/22, 613.30, 613.40, 610.10, 612.30, 279298
03/01/22, 611.10, 616.80, 611.00, 613.80, 168068
02/28/22, 608.00, 620.00, 608.00, 614.10, 262657
02/24/22, 624.00, 629.40, 615.00, 616.80, 240390
02/23/22, 610.50, 626.90, 610.10, 623.60, 119694
02/22/22, 616.30, 616.40, 610.00, 610.60, 327901
02/17/22, 626.10, 626.10, 621.60, 622.80, 204237
02/16/22, 630.00, 630.00, 625.10, 626.30, 181803
02/15/22, 632.50, 633.80, 626.50, 628.60, 191090
02/14/22, 638.50, 639.90, 632.00, 634.20, 177274
02/10/22, 635.00, 635.00, 605.00, 627.50, 806293
02/09/22, 650.00, 650.00, 642.00, 644.50, 364353
02/08/22, 655.00, 655.90, 645.10, 646.00, 662371
02/07/22, 678.00, 678.00, 652.00, 654.50, 630790
02/03/22, 653.00, 660.90, 649.60, 650.80, 487922
02/02/22, 651.00, 652.10, 648.50, 649.00, 157557
02/01/22, 649.20, 653.00, 645.20, 649.70, 273337
01/31/22, 653.00, 653.50, 648.70, 649.20, 228788
01/27/22, 660.00, 660.00, 651.20, 656.00, 303994
01/26/22, 662.80, 663.00, 658.00, 658.90, 206902
01/25/22, 673.90, 674.70, 659.00, 660.30, 377423
01/24/22, 670.00, 680.00, 666.10, 672.50, 479782
01/20/22, 645.00, 648.30, 644.80, 645.90, 130472
01/19/22, 645.00, 650.00, 644.70, 645.90, 148785
01/18/22, 647.00, 650.90, 645.90, 646.20, 203847
01/17/22, 650.90, 650.90, 646.40, 647.00, 175416
01/13/22, 649.60, 652.00, 647.00, 649.60, 122244
01/12/22, 651.00, 654.80, 647.60, 649.10, 186257
01/11/22, 651.00, 655.10, 648.60, 650.50, 227101
01/10/22, 650.00, 655.20, 648.80, 649.90, 185612
01/06/22, 651.20, 658.00, 649.10, 655.50, 214376
01/05/22, 649.00, 653.10, 647.00, 651.20, 156364
01/04/22, 650.00, 652.00, 646.80, 647.40, 95460
01/03/22, 647.30, 660.00, 646.10, 652.90, 283257
12/30/21, 634.80, 639.80, 632.70, 635.60, 95882
12/29/21, 640.00, 647.00, 630.80, 634.50, 120326
12/28/21, 624.00, 640.00, 624.00, 637.20, 88461
12/27/21, 626.30, 633.70, 622.50, 623.80, 167286
12/23/21, 639.90, 640.60, 635.10, 635.90, 107086
12/22/21, 641.00, 641.00, 638.70, 639.70, 126167
12/21/21, 640.00, 642.80, 638.60, 640.10, 98790
12/20/21, 645.60, 651.00, 638.10, 639.00, 156303
12/15/21, 650.70, 658.50, 648.50, 657.40, 169674
12/14/21, 655.50, 661.00, 649.00, 650.70, 182514
12/13/21, 666.00, 666.00, 652.50, 655.40, 136237
12/09/21, 644.80, 652.30, 642.00, 650.20, 275429
12/08/21, 646.10, 646.10, 640.00, 640.80, 147658
12/07/21, 648.00, 655.50, 645.10, 646.10, 192803
12/06/21, 642.50, 647.70, 639.00, 646.30, 142505
12/02/21, 626.10, 633.20, 622.00, 631.40, 152992
12/01/21, 621.20, 630.50, 621.20, 626.10, 100219
11/30/21, 626.80, 626.80, 619.50, 620.40, 554312
11/29/21, 627.10, 628.10, 624.90, 626.70, 116877
11/25/21, 629.50, 632.50, 620.30, 628.00, 176023
11/24/21, 640.00, 641.90, 628.90, 629.30, 170846
11/23/21, 635.20, 644.80, 633.20, 634.20, 217223
11/22/21, 648.20, 648.20, 631.00, 634.80, 295947
11/18/21, 622.30, 639.50, 620.00, 635.30, 464464
11/17/21, 611.10, 625.00, 611.00, 618.50, 320217
11/15/21, 611.00, 621.00, 607.00, 619.20, 249713
11/11/21, 627.50, 629.80, 618.00, 619.10, 296706
11/10/21, 624.80, 627.30, 619.00, 623.50, 265051
11/09/21, 620.00, 629.80, 617.00, 618.60, 321581
11/08/21, 639.50, 639.90, 620.00, 623.40, 465540
11/04/21, 602.00, 620.00, 588.10, 616.40, 842178
11/03/21, 630.00, 630.00, 601.00, 606.40, 714157
11/02/21, 640.00, 645.00, 631.10, 632.60, 524286
11/01/21, 641.70, 659.00, 635.00, 649.30, 494013
10/28/21, 674.00, 674.90, 650.60, 654.80, 764254
10/27/21, 697.70, 697.70, 670.10, 672.40, 993688
10/26/21, 689.00, 700.00, 669.00, 697.70, 674276
10/25/21, 709.30, 710.00, 685.00, 688.70, 918005
10/21/21, 730.00, 733.80, 695.30, 717.30, 593718
10/19/21, 730.00, 743.00, 720.50, 725.00, 517667
10/18/21, 748.10, 754.00, 720.00, 732.70, 902986
10/14/21, 715.00, 724.90, 710.60, 719.80, 562016
10/13/21, 700.00, 724.50, 698.00, 712.70, 842496
10/12/21, 703.00, 704.00, 697.20, 699.70, 524544
10/11/21, 699.90, 703.80, 698.00, 699.60, 795175
10/07/21, 679.90, 685.90, 676.50, 684.00, 326251
10/06/21, 685.00, 685.00, 675.50, 678.90, 478706
10/05/21, 685.10, 690.00, 676.00, 681.90, 406736
10/04/21, 678.00, 703.00, 678.00, 685.60, 1034309
09/30/21, 651.60, 653.90, 650.00, 651.00, 497180
09/29/21, 652.80, 654.50, 651.40, 652.20, 317759
09/28/21, 656.00, 658.00, 651.40, 652.60, 308396
09/27/21, 650.30, 655.00, 648.80, 653.30, 444147
09/23/21, 651.00, 653.10, 648.00, 651.80, 303941
09/22/21, 654.00, 655.00, 648.20, 649.90, 378019
09/21/21, 648.10, 655.70, 645.20, 653.30, 362869
09/20/21, 649.00, 652.00, 646.10, 648.00, 383951
09/16/21, 657.20, 662.00, 652.60, 656.20, 443751
09/15/21, 652.50, 658.90, 634.30, 657.00, 663831
09/14/21, 657.00, 663.00, 651.00, 652.50, 602041
09/13/21, 664.50, 664.90, 652.10, 658.20, 585971
09/09/21, 660.30, 664.00, 639.60, 658.80, 1047920
09/08/21, 660.00, 675.00, 653.00, 660.20, 1321488
09/07/21, 607.00, 650.80, 606.20, 649.00, 1905162
09/06/21, 596.20, 608.00, 596.20, 605.40, 921005
09/02/21, 587.00, 590.80, 582.30, 585.10, 584841
09/01/21, 585.00, 595.40, 585.00, 586.70, 834927
08/31/21, 570.00, 584.80, 569.50, 582.50, 1105049
08/26/21, 569.40, 570.50, 568.10, 569.60, 358531
08/25/21, 568.90, 572.50, 568.50, 569.40, 329620
08/24/21, 569.00, 569.00, 565.00, 568.10, 251054
08/23/21, 562.70, 571.00, 562.00, 567.70, 372310
08/19/21, 566.50, 567.50, 562.80, 563.60, 347713
08/18/21, 570.00, 570.00, 564.60, 566.20, 350680
08/17/21, 569.00, 570.70, 564.80, 567.60, 479063
08/16/21, 572.40, 574.00, 568.00, 568.60, 412235
08/12/21, 573.00, 574.00, 569.50, 572.30, 429544
08/11/21, 570.00, 575.30, 566.50, 572.90, 418028
08/10/21, 570.90, 574.90, 568.50, 571.30, 588218
08/09/21, 568.00, 575.00, 562.00, 569.10, 632653
08/05/21, 568.90, 569.80, 566.70, 567.50, 572410
08/03/21, 570.50, 574.00, 568.10, 568.90, 308130
08/02/21, 569.80, 572.00, 567.40, 570.50, 406511
07/29/21, 573.00, 574.40, 564.00, 567.20, 487643
07/28/21, 566.20, 570.00, 561.30, 565.70, 289738
07/27/21, 578.00, 578.00, 564.10, 566.20, 628355
07/26/21, 585.00, 590.00, 575.60, 577.90, 688354
07/19/21, 558.00, 562.30, 554.30, 560.30, 425822
07/15/21, 545.40, 550.00, 545.40, 548.50, 243238
07/14/21, 543.60, 548.50, 543.60, 545.40, 301545
07/13/21, 543.10, 550.90, 541.10, 543.60, 251931
07/12/21, 540.10, 543.00, 539.50, 540.70, 201727
07/08/21, 539.40, 541.00, 538.30, 540.00, 309397
07/07/21, 540.50, 542.60, 538.00, 539.40, 306430
07/06/21, 548.00, 549.10, 538.50, 540.40, 346681
07/05/21, 538.30, 548.00, 538.30, 546.90, 322689
06/30/21, 535.00, 540.50, 534.00, 539.10, 227029
06/29/21, 536.90, 536.90, 533.50, 534.30, 197520
06/28/21, 531.70, 534.80, 531.00, 533.10, 230462
06/24/21, 538.00, 540.50, 534.90, 539.20, 209133
06/23/21, 542.20, 544.60, 537.50, 538.00, 237327
06/22/21, 549.90, 550.00, 541.20, 542.10, 383692
06/21/21, 538.00, 548.30, 535.40, 546.30, 393223
06/17/21, 530.20, 538.50, 529.60, 533.10, 180533
06/16/21, 534.00, 534.00, 527.00, 529.50, 259081
06/15/21, 533.00, 533.90, 529.00, 529.50, 382684
06/14/21, 534.10, 537.00, 532.50, 532.90, 194675
06/10/21, 533.80, 534.70, 531.50, 532.70, 304334
06/09/21, 537.00, 538.00, 532.20, 533.80, 325630
06/08/21, 540.20, 542.50, 535.50, 536.20, 372315
06/07/21, 545.00, 545.20, 539.70, 540.20, 389051
06/03/21, 544.50, 552.00, 543.50, 544.10, 401810
06/02/21, 547.20, 547.20, 543.00, 544.60, 421621
06/01/21, 544.30, 550.00, 544.10, 547.20, 350566
05/31/21, 550.00, 550.00, 541.50, 543.40, 413560
05/27/21, 569.00, 569.00, 552.00, 553.20, 823911
05/25/21, 567.00, 569.00, 559.10, 560.20, 477489
05/24/21, 558.00, 570.00, 558.00, 566.00, 504300
05/20/21, 563.10, 565.90, 555.10, 557.80, 491159
05/19/21, 571.00, 576.50, 560.80, 563.10, 770927
05/18/21, 556.00, 575.00, 555.10, 570.00, 1215913
05/17/21, 542.50, 558.90, 540.00, 554.60, 753504
05/12/21, 549.80, 549.80, 535.20, 541.60, 566240
05/11/21, 550.00, 557.00, 543.10, 547.90, 808798
05/06/21, 518.10, 523.00, 518.00, 520.80, 524609
05/05/21, 518.50, 519.00, 518.00, 518.00, 416912
05/04/21, 520.00, 522.80, 518.00, 518.30, 430896
05/03/21, 519.30, 526.00, 518.70, 519.90, 293591
04/29/21, 518.20, 519.00, 518.00, 518.20, 748225
04/28/21, 520.80, 520.80, 518.00, 518.40, 614848
04/27/21, 522.00, 522.00, 518.60, 519.70, 603062
04/26/21, 525.10, 525.50, 520.10, 520.90, 601452
04/22/21, 525.80, 526.40, 523.00, 523.60, 436431
04/21/21, 524.00, 529.00, 524.00, 525.60, 416641
04/20/21, 522.90, 525.00, 520.00, 523.00, 627988
04/19/21, 520.00, 527.80, 518.10, 522.90, 524179
04/15/21, 525.20, 531.10, 525.20, 529.50, 80875
04/13/21, 526.10, 531.90, 526.00, 530.40, 140024
04/12/21, 529.90, 533.90, 525.30, 529.30, 92658
04/08/21, 521.00, 533.60, 521.00, 529.40, 124240
04/07/21, 537.40, 547.80, 531.50, 533.40, 206009
04/06/21, 529.30, 540.30, 527.00, 537.40, 137018
04/05/21, 523.70, 531.80, 523.70, 526.50, 119061
04/01/21, 529.00, 529.00, 524.00, 526.80, 233488
03/31/21, 535.40, 535.40, 528.00, 529.00, 207726
03/29/21, 542.20, 543.00, 534.50, 535.40, 199578
03/25/21, 540.10, 552.00, 539.90, 542.20, 240336
03/24/21, 549.80, 552.00, 536.20, 546.80, 171870
03/23/21, 565.00, 574.00, 548.00, 549.80, 280221
03/22/21, 530.00, 567.00, 523.20, 560.50, 264540
03/18/21, 539.50, 539.50, 530.00, 532.40, 223539
03/16/21, 553.20, 558.30, 538.00, 539.90, 348653
03/15/21, 556.20, 559.00, 549.80, 552.80, 265568
03/11/21, 570.00, 579.90, 567.90, 570.40, 251380
03/10/21, 575.00, 584.00, 558.10, 567.80, 549174
03/09/21, 588.00, 588.00, 571.30, 574.70, 618494
03/08/21, 605.00, 619.90, 582.40, 592.80, 1096052
03/04/21, 556.80, 556.80, 556.80, 556.80, 396608
03/02/21, 516.67, 521.67, 514.17, 518.00, 2021840.94136661
03/01/21, 516.67, 516.67, 508.53, 515.33, 1221737.9645696
02/25/21, 512.00, 512.00, 504.70, 509.03, 814079.976391681
02/24/21, 509.67, 512.67, 505.67, 507.57, 678191.980332433
02/23/21, 515.00, 517.20, 502.00, 504.03, 731168.9787961
02/22/21, 532.97, 532.97, 511.33, 512.43, 619679.98202928
02/18/21, 543.67, 546.33, 528.67, 530.77, 771764.977618816
02/17/21, 543.67, 550.00, 530.07, 534.30, 1179875.9657836
02/16/21, 491.67, 549.97, 491.67, 540.50, 1989380.94230795
02/15/21, 533.00, 533.00, 515.00, 518.23, 1890482.94517599
02/11/21, 599.67, 599.90, 537.00, 566.77, 4706180.86352076
02/10/21, 502.87, 526.67, 495.50, 503.23, 1139180.96696375
02/09/21, 499.30, 508.00, 483.33, 497.67, 771776.977618468
02/08/21, 533.77, 536.67, 498.90, 498.97, 1074254.96884661
02/04/21, 549.00, 566.20, 546.67, 566.20, 1467500.95744247
02/03/21, 516.67, 533.97, 513.77, 532.90, 1119275.967541
02/02/21, 498.33, 506.67, 486.67, 502.57, 960656.972140948
02/01/21, 518.67, 524.00, 493.33, 496.17, 1080941.96865268
01/28/21, 543.33, 552.10, 528.33, 534.17, 1057433.96933442
01/27/21, 513.33, 533.00, 510.00, 529.77, 925688.97315502
01/26/21, 480.67, 509.37, 480.67, 502.03, 724574.978987326
01/25/21, 474.97, 482.23, 472.03, 479.43, 455918.986778349
01/21/21, 473.33, 478.33, 468.33, 474.80, 338876.990172567
01/20/21, 474.00, 479.53, 467.73, 470.13, 422786.987739177
01/19/21, 473.33, 478.33, 467.03, 472.77, 296321.991406662
01/18/21, 483.67, 485.00, 467.00, 471.17, 652445.981079066
01/14/21, 450.00, 471.00, 450.00, 462.77, 996929.971089031
01/13/21, 436.00, 450.00, 436.00, 445.83, 800741.976778483
01/12/21, 419.17, 433.80, 419.17, 433.17, 489464.985805515
01/11/21, 413.30, 419.33, 410.67, 417.67, 285791.991712032
01/07/21, 400.00, 413.33, 399.97, 402.63, 168038.995126869
01/06/21, 404.43, 406.67, 394.67, 399.50, 361130.989527201
01/05/21, 423.33, 425.00, 403.00, 404.43, 509192.985233403
01/04/21, 419.33, 431.50, 407.00, 417.40, 547265.984129286
12/30/20, 388.67, 399.83, 388.67, 393.60, 573338.98337317
12/29/20, 373.87, 388.33, 373.87, 386.60, 448421.986995762
12/28/20, 371.33, 375.00, 367.37, 373.90, 490892.985764103
12/24/20, 359.43, 362.67, 356.67, 359.47, 211487.993866848
12/23/20, 362.00, 363.27, 357.67, 359.43, 225524.993459775
12/22/20, 365.33, 365.67, 360.33, 361.80, 287069.99167497
12/21/20, 362.03, 369.67, 362.03, 365.17, 160304.995351155
12/17/20, 374.97, 376.67, 367.00, 369.73, 168908.995101639
12/15/20, 365.33, 380.67, 361.67, 372.07, 483557.985976818
12/14/20, 370.00, 374.00, 364.90, 366.13, 311489.99096679
12/10/20, 350.07, 356.63, 350.07, 353.33, 154448.995520979
12/09/20, 352.67, 352.67, 348.67, 350.07, 96731.9971947721
12/08/20, 354.67, 354.67, 348.33, 349.73, 81452.9976378631
12/07/20, 355.00, 357.13, 350.17, 350.87, 189005.994518826
12/03/20, 356.47, 358.50, 349.97, 353.93, 172007.995011768
12/02/20, 344.07, 353.30, 343.67, 352.50, 113546.996707137
12/01/20, 343.33, 345.60, 343.00, 344.07, 72731.9978907721
11/30/20, 343.33, 343.97, 340.40, 343.30, 57956.998319247
11/26/20, 344.40, 346.33, 344.33, 344.67, 140432.995927443
11/25/20, 345.20, 346.60, 344.20, 344.40, 48941.998580682
11/24/20, 344.73, 346.67, 344.73, 345.13, 104696.996963787
11/23/20, 346.33, 347.33, 340.00, 344.73, 79721.9976880621
11/19/20, 347.03, 352.67, 345.30, 350.30, 117173.996601954
11/18/20, 353.33, 353.33, 346.33, 347.83, 177410.994855081
11/17/20, 353.43, 356.67, 343.33, 352.57, 145277.995786938
11/16/20, 353.47, 356.67, 353.00, 355.43, 119402.996537313
11/12/20, 365.00, 365.00, 353.00, 355.90, 227039.99341584
11/10/20, 372.00, 372.10, 367.67, 369.13, 162992.995273203
11/09/20, 369.33, 389.67, 369.33, 371.77, 121412.996479023
11/05/20, 365.00, 367.33, 361.73, 365.80, 181031.994750072
11/04/20, 362.67, 365.33, 362.33, 362.43, 80687.9976600481
11/03/20, 363.00, 365.00, 361.07, 361.97, 255695.992584816
11/02/20, 364.00, 368.33, 361.67, 361.83, 254237.992627098
10/29/20, 363.03, 363.63, 360.50, 362.13, 104321.996974662
10/28/20, 366.03, 366.67, 362.33, 363.03, 197165.994282186
10/27/20, 365.93, 368.00, 364.33, 366.00, 126845.996321466
10/22/20, 372.33, 379.90, 369.00, 369.90, 229718.993338149
10/21/20, 367.33, 373.67, 367.33, 372.13, 146882.995740393
10/20/20, 375.00, 376.93, 366.63, 367.23, 314654.990875005
10/19/20, 375.33, 377.37, 371.67, 372.30, 136541.996040282
10/15/20, 363.30, 370.00, 362.67, 368.40, 113885.996697306
10/14/20, 359.33, 362.97, 357.07, 361.77, 90305.9973811261
10/13/20, 356.67, 358.33, 353.33, 357.00, 81209.9976449101
10/12/20, 357.17, 363.33, 350.00, 356.63, 108791.996845032
10/08/20, 364.90, 364.90, 356.83, 358.83, 52862.998466973
10/07/20, 357.17, 366.63, 353.33, 359.97, 136997.996027058
10/06/20, 363.43, 364.33, 353.33, 357.17, 190937.994462798
10/05/20, 367.43, 367.47, 362.67, 363.43, 109442.996826153
10/01/20, 373.67, 375.33, 371.40, 372.90, 89414.9974069651
09/30/20, 373.33, 376.33, 370.67, 373.53, 131705.996180526
09/29/20, 363.67, 373.37, 363.67, 372.63, 121823.996467104
09/28/20, 367.33, 367.67, 360.33, 363.50, 175490.994910761
09/24/20, 381.33, 383.30, 371.67, 373.67, 203849.99408835
09/23/20, 380.00, 387.03, 379.33, 381.73, 155657.995485918
09/22/20, 384.67, 385.00, 378.33, 380.03, 288479.99163408
09/21/20, 392.00, 392.00, 383.40, 384.83, 188711.994527352
09/17/20, 397.00, 400.93, 393.33, 398.20, 377174.989061925
09/16/20, 388.33, 401.67, 385.20, 397.00, 520619.98490202
09/15/20, 370.33, 386.67, 370.33, 384.33, 374408.989142139
09/14/20, 351.00, 370.33, 351.00, 369.40, 291617.991543078
09/10/20, 360.00, 363.40, 358.00, 359.97, 154757.995512018
09/09/20, 356.67, 361.93, 356.67, 359.20, 223139.99352894
09/08/20, 359.00, 359.83, 354.97, 356.50, 154274.995526025
09/07/20, 356.00, 361.67, 355.17, 358.53, 179120.994805491
09/03/20, 361.20, 366.33, 356.33, 357.87, 211751.993859192
09/02/20, 353.33, 362.03, 348.40, 361.20, 266870.992260741
09/01/20, 338.33, 364.67, 338.33, 351.27, 353918.989736349
08/31/20, 364.67, 368.33, 357.00, 358.47, 376283.989087764
08/27/20, 365.00, 370.00, 360.00, 364.70, 552155.983987476
08/26/20, 340.73, 362.00, 340.73, 362.00, 524804.984780656
08/25/20, 341.33, 345.40, 338.33, 340.73, 333953.990315334
08/24/20, 333.33, 343.33, 333.33, 340.20, 531374.984590126
08/20/20, 316.70, 319.13, 315.67, 317.47, 301112.991267723
08/19/20, 316.60, 321.00, 315.43, 316.13, 265916.992288407
08/18/20, 313.73, 319.33, 312.20, 313.70, 326852.990521263
08/17/20, 321.37, 323.33, 312.70, 313.73, 836396.975744488
08/13/20, 321.33, 328.33, 318.33, 319.30, 701984.979642436
08/12/20, 307.30, 321.33, 307.30, 318.90, 820505.976205327
08/10/20, 310.00, 311.67, 304.03, 307.20, 942863.972656945
08/06/20, 302.53, 302.53, 302.53, 302.53, 129686.996239077
08/05/20, 302.53, 302.53, 302.53, 302.53, 129935.996231856
08/04/20, 302.53, 302.53, 302.53, 302.53, 236702.993135613
08/03/20, 302.53, 302.53, 302.53, 302.53, 133142.996138853
07/30/20, 302.53, 302.53, 302.53, 302.53, 153998.995534029
07/29/20, 302.53, 302.57, 302.53, 302.53, 270548.992154079
07/28/20, 305.00, 306.33, 302.53, 302.53, 414617.987976078
07/27/20, 315.33, 316.07, 303.43, 305.00, 385988.988806319
07/23/20, 302.53, 302.53, 302.53, 302.53, 59321.998279662
07/22/20, 302.53, 302.53, 302.53, 302.53, 6785.99980320601
07/21/20, 302.53, 302.53, 302.53, 302.53, 14753.999572134
07/20/20, 302.53, 302.53, 302.53, 302.53, 3788.999890119
07/16/20, 302.53, 302.53, 302.53, 302.53, 2417.999929878
07/15/20, 302.53, 302.53, 302.53, 302.53, 21638.999372469
07/14/20, 302.53, 302.53, 302.53, 302.53, 9326.99972951701
07/13/20, 302.53, 302.53, 302.53, 302.53, 29576.999142267
07/09/20, 302.53, 302.53, 302.53, 302.53, 96002.9972159131
07/08/20, 302.53, 302.53, 302.53, 302.53, 11792.999658003
07/07/20, 302.53, 302.53, 302.53, 302.53, 2708.999921439
07/06/20, 302.53, 302.53, 302.53, 302.53, 4136.999880027
07/02/20, 302.53, 302.53, 302.53, 302.53, 41087.998808448
06/30/20, 302.53, 302.53, 302.53, 302.53, 6029.99982513
06/29/20, 302.53, 302.53, 302.53, 302.53, 8576.99975126701
06/25/20, 302.53, 302.53, 302.53, 302.53, 7814.99977336501
06/24/20, 302.53, 302.53, 302.53, 302.53, 977.999971638001
06/23/20, 302.53, 302.53, 302.53, 302.53, 3059.99991126
06/22/20, 302.53, 302.53, 302.53, 302.53, 1967.999942928
06/18/20, 302.53, 302.53, 302.53, 302.53, 23207.999326968
06/17/20, 302.53, 302.53, 302.53, 302.53, 6605.99980842601
06/16/20, 302.53, 302.53, 302.53, 302.53, 2321.999932662
06/15/20, 302.53, 302.53, 302.53, 302.53, 584.999983035
06/11/20, 302.53, 302.53, 302.53, 302.53, 5498.999840529
06/10/20, 302.53, 302.53, 302.53, 302.53, 5741.999833482
06/09/20, 302.53, 302.53, 302.53, 302.53, 4676.999864367
06/08/20, 302.53, 302.53, 302.53, 302.53, 5711.999834352
06/04/20, 302.53, 302.53, 302.53, 302.53, 7466.99978345701
06/03/20, 302.53, 302.53, 302.53, 302.53, 14429.99958153
06/02/20, 302.53, 302.53, 302.53, 302.53, 9287.99973064801
06/01/20, 302.53, 302.53, 302.53, 302.53, 45071.998692912
03/25/20, 302.53, 302.53, 302.53, 302.53, 62387.998190748
03/24/20, 302.53, 302.53, 302.53, 302.53, 4628.999865759
03/23/20, 302.53, 302.53, 302.53, 302.53, 31634.999082585
03/19/20, 298.00, 298.00, 297.87, 297.87, 12605.999634426
03/18/20, 299.93, 299.97, 273.87, 276.23, 240059.99303826
03/16/20, 309.00, 309.00, 290.50, 291.47, 260018.992459449
03/11/20, 318.33, 325.00, 316.67, 320.73, 148616.995690107
03/10/20, 305.13, 320.67, 303.33, 317.70, 72410.9979000811
03/09/20, 320.33, 320.33, 303.33, 305.13, 210410.993898081
03/05/20, 326.67, 331.30, 324.33, 326.60, 82535.9976064561
03/04/20, 333.40, 336.67, 329.00, 329.53, 144848.995799379
03/03/20, 330.00, 335.00, 329.27, 332.47, 78761.9977159021
03/02/20, 323.67, 331.67, 321.00, 329.27, 86300.9974972711
02/27/20, 337.33, 338.33, 328.33, 328.80, 153995.995534116
02/26/20, 343.40, 343.40, 336.67, 337.07, 150137.995645998
02/25/20, 349.33, 349.33, 340.00, 343.37, 194102.994371013
02/24/20, 355.67, 355.67, 348.90, 349.30, 191327.994451488
02/20/20, 363.00, 366.63, 358.00, 359.00, 177242.994859953
02/19/20, 370.00, 370.00, 361.83, 362.60, 201776.994148467
02/18/20, 368.33, 372.00, 363.33, 365.37, 341267.990103228
02/17/20, 371.67, 372.33, 362.67, 366.47, 385031.988834072
02/13/20, 354.67, 361.67, 353.33, 359.73, 109823.996815104
02/12/20, 356.67, 358.67, 351.73, 352.47, 87209.9974709101
02/11/20, 348.67, 356.67, 348.67, 352.23, 61202.998225113
02/10/20, 351.63, 351.67, 343.17, 345.30, 70709.9979494101
02/06/20, 350.33, 356.33, 350.03, 354.37, 52511.998477152
02/05/20, 358.30, 358.30, 350.00, 353.00, 64502.998129413
02/04/20, 362.00, 362.00, 354.97, 355.57, 125246.996367837
02/03/20, 366.00, 366.00, 360.00, 360.50, 74858.9978290891
01/30/20, 361.70, 361.70, 350.33, 357.80, 127859.99629206
01/29/20, 376.67, 378.33, 358.67, 361.70, 263276.992364967
01/28/20, 370.00, 377.00, 369.00, 375.13, 255368.992594299
01/27/20, 360.00, 369.77, 357.63, 368.57, 274877.992028538
01/23/20, 333.33, 345.33, 332.43, 343.90, 149825.995655046
01/22/20, 327.03, 333.30, 324.77, 331.70, 85034.9975339851
01/21/20, 320.03, 327.93, 317.07, 324.20, 107153.996892534
01/20/20, 333.00, 333.33, 322.37, 323.70, 254018.992633449
01/16/20, 296.40, 303.30, 296.07, 300.97, 129902.996232813
01/15/20, 296.63, 303.93, 295.27, 296.37, 104372.996973183
01/14/20, 302.70, 302.70, 289.43, 293.13, 130268.996222199
01/13/20, 313.33, 313.33, 302.03, 302.93, 78074.9977358251
01/09/20, 320.03, 320.37, 303.47, 309.50, 98732.9971367431
01/08/20, 327.67, 327.67, 317.17, 318.67, 76538.9977803691
01/07/20, 328.33, 330.00, 324.73, 325.20, 55286.998396677
01/06/20, 332.33, 333.33, 328.03, 328.23, 85076.9975327671
01/02/20, 328.33, 332.33, 327.40, 328.00, 94484.9972599351
01/01/20, 326.67, 328.33, 323.67, 327.97, 57074.998344825
12/30/19, 324.33, 326.20, 323.00, 323.30, 95771.9972226121
12/26/19, 319.33, 322.33, 318.17, 318.70, 56981.998347522
12/24/19, 320.97, 325.67, 316.73, 318.17, 84833.9975398141
12/23/19, 323.43, 325.33, 320.37, 320.93, 69425.9979866461
12/19/19, 328.70, 331.33, 325.80, 326.40, 98441.9971451821
12/18/19, 334.93, 334.93, 323.67, 328.50, 91193.9973553741
12/17/19, 337.73, 339.97, 332.33, 332.80, 72005.9979118261
12/12/19, 336.33, 341.67, 336.30, 337.47, 101375.997060096
12/11/19, 341.67, 342.67, 334.70, 336.27, 111734.996759685
12/10/19, 350.00, 350.00, 339.47, 341.33, 128141.996283882
12/09/19, 358.33, 358.33, 346.37, 346.83, 163343.995263024
12/05/19, 357.77, 359.17, 357.07, 357.43, 53690.998442961
12/04/19, 359.70, 362.97, 356.70, 357.23, 73673.9978634541
12/03/19, 362.97, 363.33, 358.47, 359.70, 59135.998285056
12/02/19, 363.00, 365.00, 360.00, 361.70, 70514.9979550651
11/28/19, 360.00, 361.87, 357.00, 357.53, 64931.998116972
11/27/19, 363.00, 363.33, 359.33, 359.67, 95021.9972443621
11/26/19, 363.57, 363.57, 360.37, 360.67, 76370.9977852411
11/25/19, 365.50, 366.67, 362.33, 363.43, 75698.9978047291
11/21/19, 363.33, 365.00, 360.50, 361.27, 44120.998720491
11/20/19, 363.33, 364.93, 360.17, 361.03, 45413.998682994
11/19/19, 364.20, 364.20, 361.37, 361.73, 86702.9974856131
11/18/19, 364.70, 367.67, 363.50, 364.20, 79235.9977021561
11/14/19, 368.63, 370.00, 364.73, 366.47, 92897.9973059581
11/13/19, 372.10, 372.10, 367.07, 368.63, 75851.9978002921
11/12/19, 376.57, 376.57, 371.67, 372.10, 84368.9975532991
11/11/19, 378.30, 378.30, 373.70, 375.77, 118481.996564022
11/07/19, 378.33, 378.63, 375.00, 375.43, 55274.998397025
11/06/19, 379.67, 379.97, 374.53, 375.53, 50450.998536921
11/05/19, 376.67, 378.33, 374.40, 375.13, 50153.998545534
11/04/19, 383.30, 383.30, 375.33, 376.27, 62450.998188921
10/31/19, 376.30, 385.07, 374.63, 383.17, 321323.990681604
10/30/19, 373.67, 376.67, 372.37, 374.57, 104963.996956044
10/29/19, 371.87, 375.00, 370.67, 373.17, 61781.998208322
10/28/19, 370.00, 377.33, 369.67, 373.00, 141581.995894122
10/24/19, 356.33, 366.33, 352.33, 364.03, 55472.998391283
10/23/19, 355.83, 357.67, 350.00, 352.47, 59978.998260609
10/22/19, 365.70, 367.53, 353.33, 355.83, 141938.995883769
10/21/19, 375.87, 375.87, 364.37, 365.70, 126389.99633469
10/17/19, 366.67, 368.33, 365.70, 366.77, 85661.9975158021
10/16/19, 373.00, 373.00, 365.33, 366.27, 64154.9981395051
10/15/19, 369.33, 371.67, 365.67, 369.90, 88175.9974428961
10/14/19, 372.60, 372.60, 365.07, 367.13, 53984.998434435
10/10/19, 371.67, 373.67, 368.67, 369.43, 55283.998396764
10/09/19, 377.63, 378.33, 370.00, 371.10, 67931.9980299721
10/07/19, 380.70, 382.37, 377.40, 378.07, 60740.998238511
10/03/19, 381.03, 382.67, 379.67, 380.30, 36773.998933554
10/02/19, 382.90, 382.90, 380.03, 380.40, 39095.998866216
10/01/19, 384.33, 386.30, 380.50, 381.07, 57917.998320378
09/30/19, 388.93, 388.93, 383.00, 383.37, 58355.998307676
09/26/19, 393.33, 394.00, 388.40, 389.73, 75338.9978151691
09/25/19, 394.40, 395.00, 389.37, 390.37, 88517.9974329781
09/24/19, 399.40, 400.00, 393.70, 394.30, 113225.996716446
09/23/19, 393.30, 401.67, 390.33, 399.40, 143591.995835832
09/19/19, 385.00, 393.23, 380.00, 380.60, 136571.996039412
09/18/19, 395.00, 396.47, 381.17, 383.20, 120770.996497641
09/17/19, 395.00, 410.00, 391.00, 392.73, 336905.990229726
09/16/19, 367.20, 390.10, 367.20, 388.60, 251870.992695741
09/12/19, 380.00, 380.00, 369.67, 372.87, 125555.996358876
09/11/19, 385.70, 389.67, 378.33, 379.50, 185897.994608958
09/09/19, 390.00, 390.33, 384.00, 384.47, 171731.995019772
09/05/19, 393.33, 394.67, 390.00, 390.83, 99455.9971157761
09/04/19, 397.30, 397.30, 390.00, 390.43, 138008.995997739
09/03/19, 402.53, 402.53, 397.00, 397.27, 102035.997040956
09/02/19, 406.67, 406.67, 401.67, 401.90, 108806.996844597
08/29/19, 408.00, 410.00, 401.67, 403.27, 97496.9971725871
08/28/19, 383.00, 418.33, 383.00, 408.00, 198071.994255912
08/27/19, 390.33, 400.00, 390.00, 398.67, 132362.996161473
08/26/19, 396.67, 399.33, 387.00, 390.53, 123410.996421081
08/22/19, 404.23, 404.23, 400.53, 401.20, 149177.995673838
08/21/19, 404.60, 406.93, 403.33, 403.57, 90173.9973849541
08/20/19, 407.33, 407.67, 405.03, 405.50, 130859.99620506
08/19/19, 407.83, 410.00, 406.03, 406.70, 140357.995929618
08/08/19, 407.67, 410.00, 402.70, 409.13, 76916.9977694071
08/07/19, 409.37, 411.27, 404.97, 405.67, 125783.996352264
08/06/19, 410.17, 412.17, 408.40, 409.23, 171524.995025775
08/05/19, 411.70, 414.57, 409.47, 409.77, 96845.9971914661
08/01/19, 410.47, 416.70, 409.33, 412.83, 130505.996215326
07/31/19, 413.67, 418.33, 407.40, 410.17, 151769.99559867
07/30/19, 433.33, 433.33, 412.27, 416.87, 227618.993399049
07/29/19, 441.67, 446.67, 438.37, 439.73, 82616.9976041071
07/25/19, 417.70, 433.33, 417.70, 432.70, 98603.9971404841
07/24/19, 419.33, 419.33, 412.37, 417.07, 43817.998729278
07/23/19, 409.33, 419.97, 409.33, 418.30, 58232.998311243
07/22/19, 417.53, 419.00, 403.33, 406.57, 155567.995488528
07/18/19, 424.20, 428.33, 424.17, 425.00, 55172.998399983
07/17/19, 428.00, 429.40, 424.37, 424.80, 82895.9975960161
07/16/19, 426.80, 430.00, 423.33, 427.90, 52196.998486287
07/15/19, 430.00, 433.23, 423.67, 424.10, 84989.9975352901
07/11/19, 433.00, 434.97, 431.00, 433.27, 52640.998473411
07/10/19, 436.70, 438.33, 430.70, 432.10, 80174.9976749251
07/09/19, 438.70, 443.23, 435.57, 436.60, 72827.9978879881
07/08/19, 438.00, 444.33, 435.90, 438.37, 69575.9979822961
07/04/19, 448.00, 448.37, 441.67, 442.07, 106112.996922723
07/03/19, 452.33, 452.33, 447.40, 447.83, 60518.998244949
07/02/19, 457.67, 458.00, 448.40, 449.43, 96584.9971990351
06/27/19, 451.33, 461.67, 449.07, 449.97, 193943.994375624
06/26/19, 450.00, 457.67, 448.03, 450.87, 121922.996464233
06/25/19, 450.00, 450.00, 447.00, 448.07, 52415.998479936
06/24/19, 449.00, 450.60, 448.70, 449.67, 83183.9975876641
06/20/19, 455.00, 456.63, 451.73, 452.63, 74567.9978375281
06/19/19, 459.37, 462.63, 455.00, 455.93, 60098.998257129
06/18/19, 461.47, 461.50, 454.00, 459.17, 58103.998314984
06/17/19, 467.17, 472.00, 453.33, 455.93, 164144.995239795
06/13/19, 468.33, 470.00, 464.70, 467.00, 138929.99597103
06/12/19, 473.33, 476.47, 467.13, 467.97, 131021.996200362
06/11/19, 471.67, 475.67, 471.23, 472.67, 116801.996612742
06/10/19, 466.00, 477.67, 466.00, 471.20, 283154.991788505
05/30/19, 443.67, 445.63, 439.00, 441.97, 104261.996976402
05/29/19, 446.67, 451.00, 441.70, 443.10, 167693.995136874
05/28/19, 421.63, 445.77, 416.67, 443.77, 244796.992900887
05/27/19, 420.33, 421.67, 413.67, 419.57, 209993.993910174
05/23/19, 445.00, 446.00, 444.67, 444.97, 29861.999134002
05/22/19, 446.67, 447.17, 444.40, 444.87, 31793.999077974
05/21/19, 449.00, 450.00, 444.33, 445.23, 33035.999041956
05/20/19, 451.67, 451.67, 448.67, 449.13, 25256.999267547
05/16/19, 452.30, 452.33, 445.67, 447.30, 21764.999368815
05/15/19, 451.23, 453.33, 446.67, 447.23, 31160.999096331
05/14/19, 461.00, 461.00, 450.33, 451.17, 31868.999075799
05/13/19, 459.60, 459.70, 455.37, 455.77, 29756.999137047
05/09/19, 462.67, 464.70, 460.33, 461.10, 21923.999364204
05/08/19, 464.37, 464.37, 458.03, 461.80, 24842.999279553
05/07/19, 479.57, 479.57, 463.70, 464.37, 59186.998283577
05/06/19, 483.33, 483.33, 470.00, 475.97, 43670.998733541
05/02/19, 455.00, 466.33, 455.00, 456.53, 68384.9980168351
04/30/19, 445.00, 462.30, 444.80, 456.93, 59258.998281489
04/29/19, 468.33, 468.33, 443.67, 447.13, 66032.998085043
04/25/19, 480.00, 482.50, 477.37, 478.97, 40598.998822629
04/24/19, 485.90, 485.93, 477.67, 479.93, 51425.998508646
04/23/19, 493.00, 493.33, 485.73, 486.37, 55577.998388238
04/18/19, 488.73, 495.00, 488.73, 492.27, 49418.998566849
04/17/19, 493.53, 501.67, 487.40, 488.73, 61880.998205451
04/16/19, 506.67, 506.67, 488.53, 493.53, 101432.997058443
04/15/19, 511.00, 516.63, 500.33, 501.63, 96989.9971872901
04/11/19, 503.07, 514.57, 502.90, 510.87, 103307.997004068
04/10/19, 520.00, 520.00, 499.17, 502.90, 168764.995105815
04/09/19, 557.77, 557.77, 522.93, 523.17, 387581.988760122
04/08/19, 572.63, 572.63, 546.70, 557.77, 1016777.97051344
04/03/19, 514.78, 516.67, 505.46, 507.28, 741086.957016956
04/02/19, 504.91, 520.56, 504.91, 511.93, 483812.971938847
04/01/19, 505.56, 510.00, 503.23, 504.39, 695699.959649402
03/28/19, 504.56, 505.00, 497.06, 498.12, 529613.969282389
03/27/19, 516.67, 516.67, 503.12, 503.77, 526418.969467699
03/25/19, 517.62, 517.67, 510.90, 511.23, 381311.977883905
03/21/19, 520.46, 526.67, 515.78, 517.57, 323072.981261767
03/20/19, 527.78, 527.78, 516.89, 520.46, 380312.977941847
03/19/19, 547.22, 547.22, 522.22, 524.54, 555308.967792079
03/18/19, 538.89, 557.20, 535.44, 544.91, 585305.966052254
03/14/19, 505.49, 530.76, 503.89, 530.74, 1021139.94077388
03/13/19, 512.22, 512.22, 498.00, 505.49, 862532.949973088
03/12/19, 566.67, 611.11, 505.12, 508.89, 1432097.91693832
03/11/19, 455.56, 458.89, 437.90, 438.83, 137816.992006614
03/07/19, 418.33, 418.33, 411.78, 416.73, 19772.998853166
03/06/19, 417.77, 417.77, 412.23, 416.17, 3536.99979485401
03/05/19, 422.21, 422.21, 408.89, 412.72, 9782.99943258602
03/04/19, 418.00, 419.78, 405.56, 419.70, 77480.9955061022
02/27/19, 396.67, 416.67, 396.67, 413.03, 1592.999907606
02/26/19, 402.22, 405.44, 402.22, 404.66, 1925.999888292
02/25/19, 405.56, 407.22, 405.44, 405.82, 9611.99944250402
02/20/19, 407.22, 407.57, 388.89, 405.47, 12689.99926398
02/19/19, 407.66, 407.66, 407.66, 407.66, 8.99999947800002
02/18/19, 408.89, 410.00, 403.89, 406.67, 8513.99950618802
02/14/19, 400.22, 407.22, 400.00, 406.18, 11906.999309394
02/13/19, 411.09, 411.09, 400.02, 405.87, 16424.99904735
02/12/19, 406.11, 414.33, 406.11, 407.24, 1763.999897688
02/11/19, 412.78, 413.33, 410.00, 412.46, 73997.9957081162
02/07/19, 402.78, 406.56, 402.78, 405.48, 7685.99955421202
02/06/19, 394.44, 401.11, 393.34, 400.08, 37997.9977961161
02/05/19, 394.33, 394.44, 392.22, 393.32, 10448.999393958
02/04/19, 394.44, 394.44, 391.46, 391.87, 5840.99966122202
01/31/19, 394.44, 399.97, 388.89, 396.38, 39716.9976964141
01/30/19, 383.34, 390.00, 381.11, 388.94, 15677.999090676
01/29/19, 383.89, 384.67, 383.89, 384.57, 2348.99986375801
01/28/19, 383.33, 387.78, 383.33, 386.56, 12203.999292168
01/24/19, 383.52, 384.47, 383.52, 384.38, 1421.999917524
01/23/19, 383.34, 388.78, 382.28, 383.52, 2888.99983243801
01/22/19, 383.89, 384.56, 383.33, 383.34, 18404.99893251
01/21/19, 386.67, 387.44, 384.01, 384.28, 8360.99951506202
01/17/19, 383.96, 383.96, 383.96, 383.96, 53.9999968680001
01/16/19, 386.78, 393.22, 383.56, 383.96, 25370.9985284821
01/15/19, 399.99, 399.99, 386.71, 388.27, 5849.99966070002
01/14/19, 390.00, 400.00, 390.00, 391.91, 14642.999150706
01/10/19, 382.52, 385.00, 382.52, 384.22, 2078.999879418
01/09/19, 381.59, 386.53, 381.59, 383.63, 49922.9971044661
01/08/19, 381.52, 385.51, 381.48, 383.34, 16487.999043696
01/07/19, 383.36, 384.44, 383.17, 383.59, 16496.999043174
01/03/19, 383.34, 384.44, 383.33, 383.34, 2708.99984287801
01/02/19, 384.81, 385.56, 384.80, 384.91, 9098.99947225802
01/01/19, 390.24, 390.24, 388.89, 389.38, 3140.99981782201
12/27/18, 393.22, 394.44, 388.89, 393.52, 18449.9989299
12/26/18, 392.00, 394.44, 385.56, 392.94, 51722.9970000661
12/24/18, 384.56, 392.22, 384.56, 391.66, 12140.999295822
12/20/18, 380.00, 388.88, 376.78, 384.08, 270251.984325385
12/19/18, 377.60, 381.11, 377.60, 380.88, 142928.991710118
12/18/18, 377.16, 377.52, 372.23, 374.94, 1115.999935272
12/17/18, 374.89, 377.78, 374.44, 377.46, 2825.99983609201
12/13/18, 377.78, 383.12, 376.11, 377.61, 5606.99967479401
12/12/18, 384.56, 388.59, 377.78, 385.68, 20681.9988004441
12/11/18, 372.36, 390.20, 371.11, 387.09, 157823.990846208
12/10/18, 368.22, 374.44, 366.67, 371.62, 133244.99227179
12/06/18, 364.44, 366.67, 363.90, 365.90, 3914.99977293001
12/05/18, 366.67, 366.67, 366.00, 366.64, 2906.99983139401
12/04/18, 368.89, 368.89, 364.44, 365.59, 3626.99978963401
12/03/18, 364.58, 372.73, 364.44, 367.61, 3473.99979850801
11/29/18, 374.54, 374.54, 368.00, 368.51, 1268.999926398
11/28/18, 373.78, 375.00, 372.11, 373.01, 2798.99983765801
11/27/18, 375.56, 376.67, 371.47, 373.72, 11438.999336538
11/26/18, 375.56, 377.78, 372.22, 372.38, 27899.9983818001
11/22/18, 372.10, 372.22, 370.91, 371.66, 1592.999907606
11/20/18, 369.44, 372.78, 367.78, 370.79, 332.999980686001
11/19/18, 372.21, 372.22, 372.00, 372.16, 2870.99983348201
11/15/18, 372.22, 372.22, 366.67, 367.41, 1466.999914914
11/14/18, 368.89, 371.66, 368.33, 369.28, 3410.99980216201
11/13/18, 368.33, 368.40, 367.96, 368.20, 197.999988516
11/12/18, 367.78, 372.10, 367.33, 370.78, 7973.99953750802
11/08/18, 367.89, 367.89, 367.89, 367.89, 89.9999947800002
11/07/18, 366.67, 370.00, 364.47, 368.93, 39257.9977230361
11/06/18, 365.57, 368.67, 365.57, 365.62, 503.999970768001
11/05/18, 370.11, 370.11, 365.56, 366.13, 494.999971290001
11/01/18, 377.44, 377.44, 366.67, 367.53, 341.999980164001
10/31/18, 363.91, 370.11, 363.91, 369.77, 2681.99984444401
10/30/18, 370.22, 370.22, 364.00, 368.19, 1313.999923788
10/29/18, 371.11, 373.22, 359.11, 370.07, 62.9999963460002
10/25/18, 371.11, 371.54, 363.89, 367.53, 647.999962416002
10/24/18, 363.33, 368.78, 361.34, 367.13, 476.999972334001
10/23/18, 366.67, 366.67, 361.79, 362.34, 1106.999935794
10/22/18, 370.69, 371.11, 361.11, 366.38, 2042.999881506
10/18/18, 373.89, 373.89, 368.89, 372.42, 1709.99990082
10/17/18, 377.17, 377.17, 370.28, 374.39, 2942.99982930601
10/16/18, 367.78, 377.66, 367.78, 374.17, 1187.999931096
10/15/18, 369.99, 369.99, 369.99, 369.99, 17.999998956
10/11/18, 370.00, 370.00, 366.67, 366.70, 5300.99969254201
10/10/18, 373.33, 374.44, 369.67, 370.13, 12437.999278596
10/09/18, 372.17, 373.33, 367.22, 369.70, 3392.99980320601
10/08/18, 366.72, 374.78, 366.67, 366.78, 1448.999915958
10/04/18, 368.00, 368.33, 367.78, 368.13, 2024.99988255001
10/03/18, 367.89, 372.22, 367.78, 367.91, 593.999965548002
10/02/18, 367.89, 367.90, 367.89, 367.89, 206.999987994001
10/01/18, 372.62, 374.44, 367.78, 367.89, 19439.99887248
09/27/18, 377.11, 377.22, 372.22, 376.67, 56204.9967401101
09/26/18, 370.33, 376.67, 370.33, 375.53, 240146.986071475
09/25/18, 372.22, 377.11, 372.22, 374.74, 98.9999942580002
09/24/18, 368.00, 376.67, 367.11, 368.30, 4193.99975674801
09/20/18, 367.00, 367.00, 366.89, 366.99, 521.999969724001
09/19/18, 366.67, 377.78, 366.67, 373.63, 845.999950932002
09/18/18, 377.78, 377.78, 373.44, 376.88, 755.999956152002
09/17/18, 367.67, 385.48, 367.67, 383.60, 134612.992192446
09/13/18, 366.67, 367.79, 366.11, 366.28, 6074.99964765002
09/12/18, 365.78, 368.88, 365.78, 366.88, 2519.99985384001
09/11/18, 365.79, 368.33, 365.78, 366.67, 7676.99955473402
09/10/18, 365.56, 365.56, 365.56, 365.56, 7478.99956621802
09/06/18, 364.44, 366.67, 364.44, 366.59, 3491.99979746401
09/05/18, 369.11, 369.11, 366.67, 366.70, 2933.99982982801
09/04/18, 370.56, 370.67, 368.89, 369.70, 7883.99954272802
09/03/18, 369.44, 372.78, 369.44, 372.02, 3482.99979798601
08/30/18, 369.50, 370.44, 368.89, 369.06, 1502.999912826
08/29/18, 366.67, 370.00, 366.67, 368.01, 65726.9961878342
08/28/18, 366.67, 367.67, 363.56, 366.69, 7136.99958605402
08/27/18, 365.00, 365.00, 363.33, 364.16, 9422.99945346602
08/20/18, 362.78, 368.89, 360.00, 367.36, 6272.99963616602
08/16/18, 364.22, 364.23, 361.11, 361.76, 5120.99970298201
08/14/18, 369.11, 369.11, 364.00, 364.10, 3311.99980790401
08/13/18, 366.11, 367.39, 364.44, 365.71, 15857.999080236
08/09/18, 361.36, 367.78, 361.36, 366.86, 4688.99972803801
08/08/18, 359.34, 370.56, 359.34, 366.92, 17432.998988886
08/07/18, 359.68, 362.78, 359.68, 360.02, 6938.99959753802
08/06/18, 359.14, 360.00, 359.02, 359.68, 7010.99959336202
08/02/18, 359.47, 361.11, 359.44, 360.74, 23471.9986386241
08/01/18, 364.44, 366.67, 363.44, 363.91, 26405.9984684521
07/31/18, 360.00, 366.44, 357.78, 364.12, 3788.99978023801
07/30/18, 361.66, 361.67, 358.33, 358.49, 1754.99989821
07/26/18, 372.21, 372.78, 355.37, 357.38, 108017.993734956
07/25/18, 360.00, 376.20, 354.11, 355.11, 27647.9983964161
07/24/18, 355.26, 359.78, 351.11, 358.29, 5660.99967166202
07/23/18, 361.11, 361.11, 355.11, 355.44, 2096.99987837401
07/19/18, 356.67, 363.11, 355.57, 360.04, 2330.99986480201
07/18/18, 361.11, 366.57, 361.11, 363.27, 359.999979120001
07/17/18, 366.76, 376.67, 361.11, 361.28, 31256.9981870941
07/16/18, 366.67, 366.67, 365.03, 366.59, 9485.99944981202
07/12/18, 372.21, 372.21, 364.33, 365.99, 2591.99984966401
07/11/18, 372.33, 376.67, 365.56, 366.27, 78938.9954215382
07/10/18, 371.11, 377.56, 366.67, 370.12, 8792.99949000602
07/09/18, 374.56, 377.78, 366.78, 367.56, 19322.998879266
07/05/18, 378.44, 378.46, 378.44, 378.44, 584.999966070002
07/04/18, 381.33, 381.33, 378.33, 380.43, 2078.999879418
07/03/18, 392.11, 392.11, 381.11, 382.04, 1691.999901864
07/02/18, 379.01, 379.01, 379.01, 379.01, 251.999985384001
06/28/18, 397.22, 397.22, 383.33, 384.08, 3203.99981416801
06/27/18, 388.44, 388.44, 381.22, 382.27, 3365.99980477201
06/26/18, 388.22, 388.22, 379.47, 379.99, 8054.99953281002
06/25/18, 381.11, 385.71, 380.11, 382.48, 4454.99974161001
06/21/18, 384.44, 388.72, 383.91, 388.03, 2645.99984653201
06/20/18, 383.34, 384.56, 383.34, 383.89, 683.999960328002
06/19/18, 383.33, 385.56, 383.33, 383.49, 656.999961894002
06/18/18, 383.33, 387.72, 376.11, 386.92, 1088.999936838
06/12/18, 378.89, 389.78, 377.78, 386.54, 2321.99986532401
06/11/18, 385.54, 385.54, 380.56, 382.09, 224.999986950001
06/07/18, 379.99, 388.89, 375.12, 377.70, 8486.99950775402
06/06/18, 374.56, 376.68, 374.44, 376.56, 539.999968680001
06/05/18, 377.78, 378.77, 372.34, 377.17, 22778.9986788181
06/04/18, 370.56, 376.67, 370.56, 376.67, 53306.9969081941
05/31/18, 375.56, 378.78, 375.00, 377.18, 3284.99980947001
05/30/18, 371.44, 379.93, 371.44, 377.69, 4733.99972542801
05/29/18, 376.89, 377.77, 376.67, 376.89, 2501.99985488401
05/28/18, 378.33, 378.33, 376.24, 376.96, 3131.99981834401
05/24/18, 377.78, 381.89, 377.78, 379.10, 2249.99986950001
05/23/18, 374.56, 377.66, 374.44, 374.53, 4688.99972803801
05/22/18, 373.89, 378.88, 373.68, 376.49, 1970.999885682
05/21/18, 378.61, 383.11, 377.78, 378.10, 1754.99989821
05/17/18, 377.90, 388.21, 377.90, 384.78, 26.9999984340001
05/16/18, 377.22, 388.89, 377.22, 385.37, 1394.99991909
05/15/18, 381.12, 381.12, 376.12, 377.56, 4715.99972647201
05/14/18, 380.23, 384.44, 380.23, 382.68, 1520.999911782
05/10/18, 377.89, 377.89, 377.89, 377.89, 8.99999947800002
05/09/18, 377.78, 377.78, 372.33, 377.66, 1331.999922744
05/07/18, 380.67, 381.78, 379.44, 381.07, 14381.999165844
05/03/18, 373.89, 383.33, 373.89, 379.16, 5282.99969358601
04/30/18, 382.33, 382.33, 378.34, 378.92, 1547.999910216
04/26/18, 384.22, 384.22, 382.22, 382.31, 5228.99969671801
04/25/18, 384.44, 385.32, 381.12, 384.43, 86597.9949773162
04/24/18, 389.33, 389.34, 381.11, 384.82, 1007.999941536
04/23/18, 384.02, 390.00, 383.33, 388.93, 95939.9944354802
04/19/18, 372.17, 381.67, 372.17, 379.49, 24155.9985989521
04/18/18, 371.22, 372.17, 371.22, 371.90, 179.99998956
04/17/18, 370.13, 376.43, 370.01, 370.10, 737.999957196002
04/16/18, 372.78, 375.33, 367.36, 368.08, 8288.99951923802
04/12/18, 373.33, 377.67, 371.11, 372.32, 1799.9998956
04/11/18, 375.56, 375.56, 371.28, 372.32, 9872.99942736602
04/10/18, 383.33, 383.33, 372.22, 373.53, 4562.99973534601
04/09/18, 382.00, 382.00, 373.56, 374.29, 27143.9984256481
04/05/18, 377.56, 383.31, 377.56, 379.29, 341.999980164001
04/04/18, 377.78, 379.00, 376.11, 377.18, 7865.99954377202
04/03/18, 383.33, 383.33, 375.83, 376.60, 7775.99954899202
04/02/18, 378.22, 378.89, 378.00, 378.12, 2744.99984079001
03/29/18, 382.22, 388.67, 375.56, 381.69, 48599.9971812001
03/28/18, 382.21, 382.21, 375.67, 376.54, 3842.99977710601
03/22/18, 388.67, 388.67, 372.22, 376.58, 6515.99962207202
03/21/18, 387.78, 387.78, 384.03, 384.34, 8009.99953542002
03/20/18, 388.89, 396.56, 386.68, 387.56, 1997.999884116
03/19/18, 402.22, 402.22, 389.11, 390.40, 683.999960328002
03/15/18, 393.00, 393.10, 389.56, 390.13, 755.999956152002
03/14/18, 391.10, 393.33, 385.78, 389.62, 4391.99974526401
03/13/18, 391.11, 391.11, 380.56, 384.47, 14165.999178372
03/12/18, 393.33, 393.33, 387.22, 388.90, 8558.99950357802
03/08/18, 388.00, 393.89, 387.22, 388.88, 2411.99986010401
03/07/18, 394.01, 394.01, 386.89, 387.87, 7289.99957718002
03/06/18, 400.11, 400.22, 391.44, 393.21, 6173.99964190802
03/05/18, 399.89, 405.31, 399.71, 402.40, 2294.99986689001
03/01/18, 401.11, 401.11, 400.00, 400.27, 9242.99946390602
02/28/18, 398.72, 405.56, 398.72, 400.90, 65762.9961857462
02/27/18, 398.90, 398.90, 397.78, 398.72, 2627.99984757601
02/26/18, 402.22, 402.22, 395.44, 398.71, 13859.99919612
02/22/18, 406.67, 411.11, 406.67, 409.50, 3473.99979850801
02/20/18, 404.44, 407.56, 404.44, 406.78, 35.9999979120001
02/19/18, 411.11, 411.11, 405.56, 405.68, 2024.99988255001
02/15/18, 405.22, 405.56, 400.00, 400.12, 119177.993087676
02/14/18, 409.34, 409.50, 402.80, 405.08, 2420.99985958201
02/13/18, 420.00, 420.00, 408.89, 409.34, 1934.99988777
02/12/18, 405.72, 416.56, 405.72, 412.47, 5480.99968210201
02/08/18, 415.32, 415.32, 408.89, 410.17, 944.999945190002
02/07/18, 416.67, 416.67, 407.78, 410.33, 1340.999922222
02/06/18, 413.33, 413.33, 411.11, 411.58, 1529.99991126
02/05/18, 415.56, 416.56, 411.22, 412.39, 2798.99983765801
02/01/18, 422.22, 422.22, 414.06, 419.68, 37907.9978013361
01/31/18, 420.00, 423.33, 409.80, 419.76, 12716.999262414
01/30/18, 422.22, 426.44, 418.89, 419.09, 7523.99956360802
01/29/18, 404.44, 420.63, 404.44, 420.51, 31463.9981750881
01/25/18, 394.33, 396.67, 393.89, 395.43, 15974.99907345
01/24/18, 394.44, 394.44, 389.13, 392.03, 8288.99951923802
01/23/18, 391.11, 391.11, 384.44, 390.90, 9890.99942632202
01/22/18, 381.11, 383.33, 381.11, 381.98, 54062.9968643461
01/18/18, 380.18, 380.56, 380.13, 380.56, 14309.99917002
01/17/18, 379.60, 380.56, 379.60, 380.04, 971.999943624002
01/16/18, 379.24, 380.56, 379.24, 379.42, 9602.99944302602
01/15/18, 377.82, 379.56, 377.82, 379.24, 114389.99336538
01/11/18, 377.89, 380.78, 377.79, 380.18, 4004.99976771001
01/10/18, 377.22, 380.78, 377.22, 379.10, 2591.99984966401
01/09/18, 377.28, 380.00, 377.23, 377.30, 1826.999894034
01/08/18, 376.89, 379.44, 376.84, 377.01, 278.999983818001
01/04/18, 380.77, 381.67, 379.78, 380.59, 935.999945712002
01/03/18, 374.44, 381.11, 374.44, 380.77, 188.999989038
01/02/18, 377.78, 377.78, 374.44, 375.59, 953.999944668002
01/01/18, 377.96, 377.96, 375.33, 377.81, 8288.99951923802
12/28/17, 376.67, 378.89, 374.44, 377.96, 4562.99973534601
12/27/17, 377.56, 377.78, 375.56, 377.62, 4130.99976040201
12/26/17, 376.67, 377.78, 372.22, 374.17, 7046.99959127402
12/21/17, 374.44, 374.44, 371.67, 373.76, 584.999966070002
12/20/17, 380.00, 383.11, 373.33, 378.19, 1772.999897166
12/19/17, 372.22, 375.56, 372.22, 375.50, 3464.99979903001
12/18/17, 372.78, 374.44, 371.67, 372.58, 1385.999919612
12/14/17, 377.78, 377.78, 368.79, 370.96, 12887.999252496
12/13/17, 378.39, 378.39, 374.33, 378.10, 1250.999927442
12/12/17, 386.11, 387.78, 377.89, 378.07, 3014.99982513001
12/11/17, 387.78, 387.78, 384.44, 385.00, 692.999959806002
12/07/17, 390.77, 396.67, 388.90, 391.16, 3176.99981573401
12/06/17, 397.22, 397.22, 388.89, 389.93, 23597.9986313161
12/05/17, 372.22, 388.78, 372.22, 388.66, 1191212.93090965
12/04/17, 366.78, 371.67, 366.67, 370.31, 10061.999416404
11/30/17, 363.89, 373.33, 363.79, 366.68, 100286.994183354
11/29/17, 366.67, 371.67, 366.67, 366.70, 55214.9967975301
11/28/17, 366.67, 366.89, 361.41, 366.28, 3626.99978963401
11/27/17, 362.84, 366.67, 362.84, 366.66, 81593.9952675482
11/23/17, 372.22, 372.22, 371.67, 371.76, 10394.99939709
11/22/17, 366.67, 372.22, 366.67, 371.76, 35063.9979662881
11/21/17, 362.56, 366.67, 362.56, 366.40, 15587.999095896
11/20/17, 362.34, 364.44, 361.68, 362.52, 1565.999909172
11/16/17, 364.44, 369.33, 362.22, 366.43, 75689.9956099802
11/15/17, 358.54, 372.11, 356.01, 357.36, 5795.99966383202
11/14/17, 354.22, 355.44, 354.22, 355.08, 2519.99985384001
11/13/17, 347.67, 349.99, 345.56, 346.20, 26261.9984768041
11/09/17, 341.11, 345.00, 341.11, 344.86, 9287.99946129602
11/08/17, 333.37, 344.44, 333.37, 340.87, 8612.99950044602
11/07/17, 334.44, 338.67, 334.44, 334.96, 224.999986950001
11/06/17, 333.33, 338.11, 333.33, 333.67, 1817.999894556
11/02/17, 337.78, 342.11, 337.78, 338.30, 233.999986428001
11/01/17, 336.00, 336.14, 336.00, 336.03, 35.9999979120001
10/31/17, 333.40, 346.67, 333.40, 344.54, 42173.9975539081
10/30/17, 332.22, 344.44, 327.78, 343.30, 56663.9967134882
10/26/17, 318.89, 344.46, 318.89, 344.17, 147338.991454338
10/25/17, 333.22, 333.22, 332.21, 332.30, 98.9999942580002
10/24/17, 315.56, 322.11, 315.56, 319.96, 73079.9957613602
10/23/17, 315.00, 317.22, 315.00, 315.23, 2906.99983139401
10/19/17, 315.41, 315.56, 315.41, 315.54, 2249.99986950001
10/18/17, 310.00, 311.11, 310.00, 311.02, 206.999987994001
10/17/17, 309.18, 309.18, 309.18, 309.18, 8.99999947800002
10/16/17, 316.00, 316.11, 316.00, 316.06, 512.999970246001
10/12/17, 309.46, 309.46, 309.46, 309.46, 8.99999947800002
10/11/17, 309.44, 309.44, 308.89, 309.38, 152.999991126
10/10/17, 308.89, 311.11, 308.89, 309.23, 1898.999889858
10/09/17, 307.23, 311.22, 307.22, 307.43, 1997.999884116
10/02/17, 316.80, 335.56, 316.80, 319.63, 350.999979642001
09/28/17, 332.78, 332.78, 331.11, 332.53, 845.999950932002
09/27/17, 332.21, 332.66, 332.21, 332.22, 3176.99981573401
09/26/17, 333.11, 333.11, 331.11, 331.29, 512.999970246001
09/25/17, 333.11, 333.11, 333.11, 333.11, 44.9999973900001
09/21/17, 332.78, 333.33, 331.11, 331.64, 890.999948322002
09/20/17, 332.22, 333.33, 332.22, 332.46, 845.999950932002
09/19/17, 333.32, 333.32, 331.11, 332.23, 1034.99993997
09/18/17, 333.17, 333.33, 333.17, 333.29, 179.99998956
09/14/17, 331.67, 334.98, 331.11, 333.33, 86219.9949992402
09/13/17, 331.17, 331.67, 331.11, 331.50, 1286.999925354
09/12/17, 331.11, 332.22, 331.11, 331.54, 323.999981208001
09/11/17, 331.11, 333.22, 331.11, 332.14, 15182.999119386
09/07/17, 331.11, 331.11, 331.11, 331.11, 8.99999947800002
09/06/17, 332.22, 332.78, 330.56, 332.04, 2042.999881506
09/05/17, 330.00, 330.00, 330.00, 330.00, 17.999998956
09/04/17, 327.78, 333.33, 327.78, 329.87, 152.999991126
08/31/17, 333.22, 334.11, 328.89, 333.92, 3437.99980059601
08/30/17, 330.00, 330.00, 330.00, 330.00, 80.9999953020002
08/29/17, 331.44, 331.44, 331.44, 331.44, 224.999986950001
08/28/17, 333.33, 333.33, 330.89, 333.21, 32390.9981213221
08/24/17, 326.67, 333.32, 326.67, 332.82, 6083.99964712802
08/23/17, 333.19, 333.33, 322.22, 332.93, 32039.9981416801
08/22/17, 319.43, 326.67, 319.43, 326.04, 1052.999938926
08/21/17, 319.46, 319.46, 315.00, 317.12, 944.999945190002
08/17/17, 331.67, 331.67, 329.01, 330.91, 62.9999963460002
08/16/17, 329.00, 329.00, 329.00, 329.00, 6101.99964608402
08/10/17, 328.89, 329.00, 328.89, 328.94, 143.999991648
08/08/17, 333.33, 333.33, 327.78, 328.79, 6362.99963094602
08/07/17, 328.89, 331.11, 327.78, 328.07, 2978.99982721801
08/03/17, 332.14, 333.22, 331.11, 331.69, 117917.993160756
08/02/17, 332.22, 333.33, 332.22, 333.24, 7118.99958709802
08/01/17, 336.11, 336.22, 332.22, 333.42, 11150.999353242
07/31/17, 324.44, 337.78, 322.78, 335.59, 88334.9948765702
07/27/17, 328.01, 333.33, 322.22, 332.64, 7685.99955421202
07/26/17, 332.67, 333.00, 332.34, 332.73, 1574.99990865
07/25/17, 335.22, 335.22, 332.78, 333.33, 21212.9987696461
07/24/17, 335.32, 335.38, 331.11, 333.54, 503.999970768001
07/20/17, 322.22, 336.08, 322.22, 333.32, 10214.99940753
07/19/17, 342.67, 342.67, 333.33, 333.34, 255554.985177811
07/18/17, 333.33, 334.33, 333.33, 333.36, 100871.994149424
07/17/17, 333.70, 335.18, 333.33, 333.42, 95399.9944668002
07/13/17, 322.22, 327.78, 322.22, 327.09, 49112.9971514461
07/12/17, 318.33, 322.22, 318.33, 322.07, 20762.998795746
07/11/17, 316.67, 318.66, 316.67, 317.82, 5102.99970402601
07/10/17, 314.44, 318.33, 314.44, 316.86, 14885.999136612
07/06/17, 314.61, 318.33, 314.61, 316.84, 7073.99958970802
07/05/17, 314.44, 314.67, 314.44, 314.61, 1133.999934228
07/04/17, 312.78, 315.00, 312.44, 314.44, 17504.99898471
07/03/17, 312.44, 314.56, 312.44, 314.16, 3599.99979120001
06/29/17, 311.14, 314.44, 311.14, 314.37, 12185.999293212
06/28/17, 311.13, 313.11, 311.11, 312.36, 56105.9967458521
06/22/17, 309.46, 312.77, 309.46, 311.32, 64772.9962431662
06/21/17, 305.56, 311.10, 305.56, 310.00, 65069.9962259402
06/20/17, 306.11, 312.22, 306.11, 312.20, 35702.9979292261
06/19/17, 305.56, 310.00, 304.44, 308.83, 24830.9985598021
06/15/17, 307.78, 307.78, 305.58, 307.74, 6947.99959701602
06/14/17, 308.89, 311.11, 307.78, 308.93, 1438073.91659171
06/13/17, 311.11, 311.11, 306.56, 307.60, 13481.999218044
06/12/17, 306.68, 308.88, 306.22, 306.54, 3122.99981886601
06/08/17, 305.56, 311.10, 305.56, 309.88, 12662.999265546
06/07/17, 307.78, 308.33, 305.56, 306.91, 4886.99971655401
06/06/17, 305.56, 309.56, 305.56, 308.62, 4445.99974213201
06/05/17, 306.11, 309.98, 300.22, 309.49, 59948.9965229582
06/01/17, 300.56, 308.33, 300.00, 304.24, 10997.999362116
05/31/17, 289.44, 311.11, 289.44, 310.08, 43433.9974808281
05/30/17, 289.12, 300.11, 289.11, 299.19, 7388.99957143802
05/29/17, 289.78, 297.22, 289.78, 291.34, 4643.99973064801
05/25/17, 289.11, 306.13, 289.11, 302.66, 13661.999207604
05/24/17, 286.67, 293.33, 286.67, 291.57, 21014.9987811301
05/23/17, 286.11, 288.89, 286.11, 288.88, 2510.99985436201
05/22/17, 282.23, 288.00, 282.23, 284.52, 386.999977554001
05/18/17, 288.00, 288.49, 287.78, 288.02, 6128.99964451802
05/17/17, 286.67, 288.78, 286.67, 287.37, 194642.988710706
05/16/17, 288.33, 288.33, 286.67, 286.69, 917.999946756002
05/15/17, 286.67, 286.67, 286.11, 286.32, 4031.99976614401
05/11/17, 285.58, 287.22, 285.56, 286.01, 12374.99928225
05/09/17, 285.61, 287.11, 285.56, 286.04, 15461.999103204
05/08/17, 285.56, 286.11, 285.56, 285.60, 5471.99968262401
05/04/17, 284.44, 285.56, 284.44, 285.56, 4157.99975883601
05/03/17, 282.22, 285.33, 282.22, 284.44, 10007.999419536
05/02/17, 283.21, 285.56, 283.21, 285.27, 3140.99981782201
04/27/17, 284.44, 284.44, 282.82, 284.34, 10412.999396046
04/26/17, 281.11, 285.56, 281.11, 284.77, 36269.9978963401
04/25/17, 281.44, 281.68, 281.44, 281.67, 719.999958240002
04/24/17, 282.22, 285.11, 282.11, 285.11, 822662.952285548
04/20/17, 284.44, 286.67, 284.44, 286.27, 22931.9986699441
04/19/17, 279.00, 285.44, 279.00, 284.30, 251477.985414277
04/18/17, 278.89, 280.11, 278.89, 279.67, 1961.999886204
04/17/17, 278.33, 281.93, 277.89, 279.09, 2033.999882028
04/13/17, 275.56, 282.43, 275.56, 282.22, 52523.9969536081
04/12/17, 277.89, 280.00, 277.78, 278.04, 4472.99974056601
04/11/17, 281.66, 281.66, 280.88, 281.40, 26.9999984340001
04/10/17, 280.00, 282.22, 275.56, 281.69, 40166.9976703141
04/06/17, 278.89, 279.44, 275.00, 277.04, 3869.99977554001
04/05/17, 280.78, 280.88, 276.67, 279.47, 800.999953542002
04/04/17, 273.89, 284.30, 271.68, 283.29, 149498.991329058
04/03/17, 272.22, 274.33, 272.00, 273.60, 26378.9984700181
03/30/17, 268.33, 272.72, 268.33, 269.98, 764.999955630002
03/29/17, 273.33, 273.33, 272.22, 272.44, 162143.990595648
03/28/17, 273.32, 273.32, 272.24, 272.41, 29951.9982627841
03/27/17, 273.33, 273.33, 272.22, 272.23, 10070.999415882
03/23/17, 272.23, 272.33, 271.67, 272.29, 66707.9961309362
03/22/17, 266.67, 273.43, 266.67, 272.49, 4139.99975988001
03/20/17, 275.00, 277.88, 275.00, 277.78, 230768.986615399
03/16/17, 275.56, 276.00, 274.57, 275.10, 8702.99949522602
03/15/17, 275.56, 275.99, 275.33, 275.67, 37718.9978122981
03/14/17, 276.67, 276.67, 275.56, 275.92, 1979.99988516
03/13/17, 276.67, 276.78, 274.44, 276.00, 2510.99985436201
03/09/17, 276.13, 277.78, 276.11, 277.08, 782.999954586002
03/08/17, 275.33, 279.64, 275.23, 278.07, 26378.9984700181
03/07/17, 277.67, 278.33, 277.67, 278.16, 40112.9976734461
03/06/17, 278.22, 278.22, 276.47, 276.70, 14669.99914914
03/02/17, 279.78, 279.78, 277.78, 278.58, 122372.992902366
03/01/17, 276.67, 278.89, 276.67, 277.77, 116378.993250018
02/28/17, 278.89, 282.00, 277.22, 278.20, 58013.9966351882
02/27/17, 279.98, 280.00, 276.68, 278.62, 11789.99931618
02/23/17, 280.56, 280.56, 277.46, 277.74, 15686.999090154
02/22/17, 278.00, 278.00, 277.23, 277.69, 6002.99965182602
02/20/17, 277.78, 278.89, 277.22, 277.63, 71405.9958584522
02/16/17, 278.67, 279.44, 278.62, 279.01, 93185.9945952122
02/15/17, 277.22, 280.00, 276.56, 278.56, 59489.9965495802
02/14/17, 276.67, 277.67, 276.44, 276.81, 8765.99949157202
02/13/17, 276.91, 277.67, 276.46, 276.52, 4211.99975570401
02/09/17, 277.78, 278.28, 276.46, 276.56, 2942.99982930601
02/08/17, 276.68, 277.87, 276.44, 276.62, 2780.99983870201
02/07/17, 277.33, 277.78, 277.22, 277.78, 13949.9991909
02/06/17, 277.54, 277.78, 276.97, 277.62, 5120.99970298201
02/02/17, 277.22, 277.22, 275.67, 276.41, 2744.99984079001
02/01/17, 277.78, 278.33, 276.90, 277.18, 20483.998811928
01/31/17, 276.67, 277.76, 276.00, 277.16, 1214.99992953
01/30/17, 277.78, 278.78, 276.83, 277.88, 10889.99936838
01/26/17, 277.78, 277.78, 276.69, 277.27, 24641.9985707641
01/25/17, 277.56, 277.78, 277.22, 277.62, 46457.9973054361
01/24/17, 277.90, 277.90, 277.28, 277.48, 50930.9970460021
01/23/17, 280.11, 280.11, 277.23, 277.77, 13580.999212302
01/19/17, 277.78, 280.93, 276.11, 277.12, 52343.9969640481
01/18/17, 282.22, 282.22, 277.78, 278.34, 99791.9942120642
01/17/17, 277.78, 277.78, 276.78, 277.53, 11339.99934228
01/16/17, 278.61, 278.61, 276.22, 276.62, 14354.99916741
01/12/17, 278.89, 279.22, 277.89, 279.03, 12158.999294778
01/11/17, 277.78, 279.99, 277.46, 278.39, 4796.99972177401
01/10/17, 279.11, 281.11, 277.00, 277.44, 17243.998999848
01/09/17, 281.67, 281.67, 277.78, 277.78, 11402.999338626
01/05/17, 276.79, 283.33, 276.79, 277.82, 4373.99974630801
01/04/17, 277.78, 277.79, 276.94, 277.76, 9800.99943154202
01/03/17, 281.11, 281.11, 275.56, 277.78, 632474.963316452
01/02/17, 283.33, 283.33, 277.00, 277.80, 1817.999894556
12/29/16, 277.67, 277.78, 273.33, 275.89, 96380.9944099022
12/28/16, 277.28, 277.56, 277.11, 277.17, 5840.99966122202
12/27/16, 277.67, 277.67, 277.11, 277.27, 2636.99984705401
12/26/16, 278.33, 281.11, 276.78, 277.47, 6281.99963564402
12/22/16, 278.11, 278.89, 277.89, 278.08, 7559.99956152002
12/21/16, 278.89, 278.89, 278.33, 278.44, 218033.987354029
12/20/16, 278.57, 282.22, 278.34, 278.58, 8135.99952811202
12/19/16, 278.67, 278.69, 278.61, 278.67, 971.999943624002
12/15/16, 278.34, 278.57, 278.22, 278.42, 7154.99958501002
12/14/16, 280.00, 281.67, 278.00, 278.17, 6650.99961424202
12/12/16, 279.79, 281.67, 279.79, 281.11, 333908.980633279
12/08/16, 281.44, 281.44, 280.02, 280.96, 1763.999897688
12/07/16, 281.67, 282.11, 280.00, 281.10, 2987.99982669601
12/06/16, 281.67, 282.22, 281.67, 281.71, 1187.999931096
12/05/16, 281.89, 282.22, 281.11, 281.61, 7208.99958187802
12/01/16, 286.67, 286.67, 283.33, 283.39, 6164.99964243002
11/30/16, 281.89, 283.31, 281.89, 282.08, 1556.999909694
11/29/16, 282.24, 283.11, 281.67, 281.69, 7370.99957248202
11/28/16, 284.44, 284.44, 280.56, 282.19, 234827.986379977
11/24/16, 281.72, 283.11, 281.72, 282.14, 10979.99936316
11/23/16, 287.42, 287.42, 283.33, 283.98, 4085.99976301201
11/22/16, 282.22, 283.33, 281.11, 282.86, 919952.946642728
11/21/16, 283.00, 283.00, 281.22, 281.39, 898082.947911188
11/17/16, 278.46, 280.00, 278.46, 279.39, 1214.99992953
11/16/16, 278.06, 278.89, 278.01, 278.42, 890.999948322002
11/15/16, 278.34, 279.11, 278.34, 278.58, 368.999978598001
11/14/16, 280.00, 280.56, 277.89, 278.14, 3662.99978754601
11/10/16, 279.44, 282.22, 279.22, 281.18, 791.999954064002
11/09/16, 282.78, 282.78, 280.56, 282.19, 10358.999399178
11/08/16, 280.64, 282.22, 278.92, 282.03, 10862.999369946
11/07/16, 282.11, 282.67, 282.11, 282.28, 18485.998927812
11/03/16, 282.44, 282.44, 282.00, 282.20, 14255.999173152
11/02/16, 282.22, 282.22, 282.22, 282.22, 8.99999947800002
11/01/16, 283.00, 283.33, 282.78, 283.02, 4652.99973012601
10/31/16, 282.36, 285.21, 282.36, 285.17, 6695.99961163202
10/27/16, 287.00, 287.11, 278.89, 279.63, 5255.99969515201
10/26/16, 288.89, 288.89, 286.31, 288.88, 203129.988218461
10/25/16, 288.89, 291.11, 286.11, 288.32, 7424.99956935002
10/24/16, 287.56, 288.33, 286.11, 287.92, 5993.99965234802
10/20/16, 281.67, 283.89, 281.67, 283.07, 7874.99954325002
10/19/16, 282.67, 282.78, 280.57, 281.61, 1988.999884638
10/18/16, 280.56, 283.33, 280.56, 282.64, 2177.99987367601
10/17/16, 282.78, 283.33, 280.56, 283.20, 4013.99976718801
10/13/16, 278.24, 284.22, 278.11, 283.41, 8171.99952602402
10/10/16, 283.33, 283.33, 283.33, 283.33, 98.9999942580002
10/06/16, 285.33, 285.33, 283.44, 284.64, 1106.999935794
10/05/16, 282.22, 285.56, 281.78, 285.38, 3914.99977293001
10/04/16, 284.00, 285.44, 284.00, 285.42, 9053.99947486802
10/03/16, 280.78, 285.56, 279.56, 279.78, 10655.999381952
09/29/16, 277.93, 280.11, 277.78, 279.90, 543068.968501999
09/28/16, 280.33, 280.34, 277.81, 279.69, 8981.99947904402
09/27/16, 279.44, 279.44, 278.33, 279.42, 10421.999395524
09/26/16, 283.21, 283.21, 276.11, 279.59, 8099.99953020002
09/22/16, 276.44, 277.78, 276.11, 276.48, 2447.99985801601
09/21/16, 277.67, 279.93, 276.22, 277.50, 863.999949888002
09/20/16, 280.00, 280.00, 275.56, 276.53, 51524.9970115501
09/19/16, 277.67, 280.00, 277.67, 280.00, 317294.981596891
09/08/16, 275.54, 275.56, 275.54, 275.56, 305.999982252001
09/07/16, 271.11, 271.56, 271.01, 271.11, 8198.99952445802
09/06/16, 271.89, 272.22, 271.31, 271.33, 14237.999174196
09/05/16, 272.22, 272.34, 271.33, 271.60, 2942.99982930601
09/01/16, 272.22, 274.22, 271.89, 272.20, 7766.99954951402
08/31/16, 272.22, 276.67, 271.44, 271.86, 10457.999393436
08/30/16, 271.79, 272.23, 271.11, 271.93, 184715.989286472
08/29/16, 275.68, 276.22, 262.78, 270.73, 3689.99978598001
08/24/16, 277.78, 278.89, 276.68, 277.07, 196127.988624576
08/23/16, 281.22, 281.22, 276.11, 277.33, 101231.994128544
08/22/16, 283.33, 283.33, 281.00, 281.51, 3851.99977658401
08/18/16, 288.01, 288.01, 277.11, 286.24, 3545.99979433201
08/17/16, 287.78, 288.89, 286.78, 287.89, 3248.99981155801
08/16/16, 289.33, 289.33, 288.33, 288.84, 3302.99980842601
08/11/16, 289.67, 289.71, 288.36, 289.16, 2771.99983922401
08/10/16, 291.12, 295.56, 288.89, 289.76, 204974.98811145
08/09/16, 283.46, 294.44, 283.46, 294.43, 33146.9980774741
08/08/16, 292.78, 294.44, 291.22, 293.87, 26549.9984601001
08/04/16, 290.56, 293.22, 290.37, 292.53, 97172.9943639662
08/03/16, 292.22, 292.56, 290.22, 291.91, 21491.9987534641
08/02/16, 292.78, 294.89, 292.56, 294.44, 27953.9983786681
08/01/16, 294.44, 294.44, 292.22, 292.47, 58769.9965913402
07/28/16, 305.22, 305.22, 294.56, 294.88, 4526.99973743401
07/27/16, 302.11, 302.22, 293.94, 294.50, 248993.985558349
07/26/16, 294.44, 294.44, 290.56, 294.22, 29861.9982680041
07/25/16, 293.44, 294.67, 291.13, 294.43, 133235.992272312
07/21/16, 297.24, 297.78, 292.22, 292.93, 14615.999152272
07/20/16, 294.67, 297.78, 294.56, 297.07, 2330.99986480201
07/19/16, 294.44, 295.67, 294.44, 294.48, 2375.99986219201
07/18/16, 294.44, 295.56, 293.33, 294.44, 5084.99970507001
07/14/16, 298.22, 300.00, 298.09, 298.20, 163385.990523612
07/13/16, 298.89, 298.89, 298.22, 298.24, 28592.9983416061
07/12/16, 298.24, 300.00, 297.33, 298.23, 3122.99981886601
07/11/16, 298.11, 298.89, 297.78, 298.11, 1511.999912304
06/30/16, 299.89, 300.00, 299.89, 300.00, 22391.9987012641
06/29/16, 296.67, 300.00, 296.67, 299.99, 38852.9977465261
06/28/16, 298.76, 298.76, 296.89, 298.76, 6263.99963668802
06/27/16, 299.78, 299.78, 297.89, 298.76, 10259.99940492
06/23/16, 296.67, 297.77, 296.11, 297.14, 1097.999936316
06/22/16, 299.44, 299.44, 298.52, 298.54, 755.999956152002
06/21/16, 299.99, 300.00, 298.11, 298.52, 332.999980686001
06/20/16, 302.22, 302.22, 299.56, 300.41, 10214.99940753
06/16/16, 300.61, 301.11, 300.61, 300.69, 3347.99980581601
06/15/16, 300.47, 301.11, 300.44, 300.94, 22058.9987205781
06/14/16, 304.44, 304.44, 300.44, 300.81, 9773.99943310802
06/13/16, 299.00, 301.11, 299.00, 300.12, 5813.99966278802
06/09/16, 297.00, 304.44, 297.00, 304.38, 182006.989443594
06/08/16, 297.78, 299.89, 297.78, 299.20, 2312.99986584601
06/07/16, 298.90, 298.90, 297.78, 298.19, 1664.99990343
06/06/16, 295.11, 301.11, 295.11, 300.97, 203093.988220549
06/02/16, 294.50, 298.33, 294.50, 297.92, 2564.99985123001
06/01/16, 291.12, 300.00, 291.11, 297.26, 3086.99982095401
05/31/16, 291.67, 293.33, 290.00, 291.64, 845.999950932002
05/30/16, 295.44, 295.44, 291.44, 291.79, 1061.999938404
05/26/16, 296.49, 296.49, 293.44, 294.94, 242.999985906001
05/25/16, 295.11, 297.22, 292.82, 293.11, 33398.9980628581
05/24/16, 294.67, 296.11, 294.44, 294.66, 10511.999390304
05/19/16, 295.68, 299.89, 295.02, 296.27, 9143.99946964802
05/18/16, 300.00, 301.39, 298.89, 300.00, 271979.984225161
05/17/16, 301.11, 301.67, 298.89, 300.37, 5912.99965704601
05/16/16, 300.00, 300.00, 297.78, 297.94, 2717.99984235601
05/12/16, 301.77, 301.88, 301.11, 301.66, 1214.99992953
05/11/16, 296.11, 301.11, 296.11, 300.08, 389654.977400011
05/10/16, 295.62, 303.31, 295.62, 301.16, 7136.99958605402
05/09/16, 296.67, 301.23, 294.67, 299.29, 3995.99976823201
05/05/16, 301.22, 301.22, 298.00, 300.00, 4211.99975570401
05/04/16, 294.69, 303.21, 294.69, 299.24, 2186.99987315401
05/03/16, 303.33, 303.33, 300.00, 300.68, 44.9999973900001
05/02/16, 300.00, 301.10, 296.67, 300.00, 10223.999407008
04/28/16, 296.67, 299.99, 296.67, 297.66, 2879.99983296001
04/27/16, 296.79, 296.79, 296.67, 296.67, 18368.998934598
04/26/16, 297.78, 298.89, 296.11, 298.64, 12491.999275464
04/25/16, 293.47, 297.78, 293.47, 296.63, 6803.99960536802
04/21/16, 300.00, 303.88, 295.56, 297.88, 3671.99978702401
04/20/16, 306.56, 306.67, 294.44, 302.66, 2726.99984183401
04/19/16, 299.89, 302.66, 292.78, 301.89, 12563.999271288
04/18/16, 283.44, 302.22, 283.33, 301.72, 8270.99952028202
04/13/16, 290.11, 292.78, 290.11, 291.83, 2951.99982878401
04/12/16, 289.00, 291.89, 289.00, 290.09, 1970.999885682
04/11/16, 291.89, 291.89, 289.00, 291.54, 7190.99958292202
04/07/16, 291.67, 292.78, 291.67, 291.74, 4031.99976614401
04/06/16, 292.22, 293.89, 291.67, 291.74, 6614.99961633002
04/05/16, 291.67, 293.33, 291.67, 293.09, 6290.99963512202
04/04/16, 298.78, 298.78, 291.67, 292.27, 4247.99975361601
03/31/16, 273.90, 288.59, 273.90, 283.36, 83312.9951678462
03/30/16, 273.44, 275.56, 273.33, 274.86, 3401.99980268401
03/29/16, 270.11, 271.67, 269.01, 271.13, 2429.99985906001
03/28/16, 271.44, 271.88, 270.11, 270.51, 3212.99981364601
03/24/16, 272.21, 272.22, 266.67, 266.96, 7658.99955577802
03/23/16, 272.22, 272.78, 266.67, 269.81, 28286.9983593541
03/22/16, 277.78, 277.78, 272.11, 272.96, 42038.9975617381
03/21/16, 268.89, 274.44, 268.78, 272.17, 16388.999049438
03/16/16, 288.89, 288.89, 280.11, 280.72, 21635.9987451121
03/15/16, 293.34, 293.34, 287.34, 287.76, 17180.999003502
03/10/16, 301.11, 301.56, 300.56, 301.49, 2222.99987106601
03/09/16, 300.00, 302.11, 298.89, 300.89, 2015.999883072
03/08/16, 302.22, 302.22, 297.78, 298.48, 2645.99984653201
03/07/16, 302.22, 302.22, 297.33, 298.13, 1358.999921178
03/03/16, 300.00, 305.56, 300.00, 302.76, 935.999945712002
03/02/16, 298.28, 303.10, 295.56, 297.06, 5165.99970037201
03/01/16, 311.11, 311.11, 295.30, 298.27, 34649.9979903001
02/29/16, 309.01, 311.11, 309.01, 310.83, 2573.99985070801
02/25/16, 319.00, 319.00, 309.00, 311.69, 15470.999102682
02/24/16, 322.89, 324.44, 305.78, 316.39, 12734.99926137
02/23/16, 330.67, 330.67, 320.00, 320.86, 7757.99955003602
02/22/16, 337.78, 337.78, 328.33, 332.09, 2978.99982721801
02/18/16, 328.17, 331.11, 328.17, 330.20, 2861.99983400401
02/17/16, 333.33, 333.33, 321.13, 328.09, 33407.9980623361
02/16/16, 327.78, 333.33, 327.78, 333.07, 3716.99978441401
02/15/16, 330.56, 332.67, 330.00, 331.13, 6740.99960902202
02/11/16, 322.89, 322.89, 321.67, 322.20, 9395.99945503202
02/10/16, 330.00, 332.99, 322.22, 322.34, 6083.99964712802
02/09/16, 331.11, 332.44, 330.00, 330.24, 1286.999925354
02/08/16, 333.33, 333.33, 331.11, 331.42, 530.999969202001
02/04/16, 332.22, 332.22, 328.68, 331.26, 1547.999910216
02/03/16, 334.33, 334.33, 332.22, 333.86, 314.999981730001
02/02/16, 323.61, 337.67, 323.61, 336.17, 2564.99985123001
02/01/16, 335.56, 336.67, 334.11, 334.83, 3743.99978284801
01/28/16, 314.33, 333.14, 309.00, 329.63, 69290.9959811222
01/27/16, 320.56, 320.56, 315.91, 317.29, 1511.999912304
01/26/16, 315.67, 316.78, 315.67, 316.69, 719.999958240002
01/25/16, 315.56, 317.78, 314.16, 315.60, 4085.99976301201
01/21/16, 316.67, 319.22, 316.16, 316.48, 2429.99985906001
01/20/16, 314.22, 319.87, 314.22, 316.13, 1601.999907084
01/19/16, 316.78, 316.78, 314.67, 314.93, 494.999971290001
01/18/16, 318.44, 319.89, 311.71, 315.51, 989.999942580002
01/14/16, 322.22, 322.22, 314.22, 320.96, 1349.9999217
01/12/16, 322.22, 322.22, 322.22, 322.22, 89.9999947800002
01/11/16, 322.22, 322.22, 320.56, 322.18, 6848.99960275802
01/07/16, 320.11, 324.44, 311.34, 313.62, 5138.99970193801
01/06/16, 313.39, 325.32, 313.39, 321.08, 710.999958762002
01/05/16, 315.00, 315.00, 313.56, 313.83, 926.999946234002
01/04/16, 313.28, 325.54, 312.22, 313.82, 1736.999899254
12/31/15, 319.88, 329.23, 315.56, 327.83, 59300.9965605422
12/30/15, 311.22, 314.11, 311.22, 313.56, 3860.99977606201
12/29/15, 307.79, 312.00, 307.78, 310.61, 908.999947278002
12/28/15, 310.00, 311.11, 308.89, 310.27, 341.999980164001
12/24/15, 306.89, 314.11, 306.79, 311.84, 1619.99990604
12/23/15, 306.67, 311.11, 306.67, 309.02, 1970.999885682
12/22/15, 308.89, 312.22, 308.89, 310.19, 13157.999236836
12/21/15, 303.33, 311.00, 303.33, 309.54, 4094.99976249001
12/17/15, 303.44, 306.44, 302.78, 303.94, 27116.9984272141
12/15/15, 308.33, 308.33, 303.22, 303.69, 13652.999208126
12/14/15, 314.44, 314.56, 305.56, 306.89, 21617.9987461561
12/10/15, 322.11, 323.33, 322.11, 322.71, 1943.999887248
12/09/15, 322.44, 322.44, 322.11, 322.22, 7100.99958814202
12/08/15, 322.78, 326.67, 321.22, 322.21, 33533.9980550281
12/07/15, 322.44, 327.78, 322.22, 326.61, 26153.9984830681
12/03/15, 325.00, 325.00, 322.33, 323.96, 4301.99975048401
12/02/15, 324.46, 325.67, 324.44, 325.13, 9557.99944563602
12/01/15, 323.90, 325.56, 323.50, 324.46, 6560.99961946202
11/30/15, 323.33, 323.33, 323.33, 323.33, 44.9999973900001
11/26/15, 323.33, 323.33, 322.78, 323.29, 1484.99991387
11/25/15, 324.67, 324.67, 322.22, 323.57, 1925.999888292
11/24/15, 322.36, 322.80, 322.22, 322.36, 7352.99957352602
11/23/15, 323.78, 323.78, 323.34, 323.39, 341.999980164001
11/19/15, 324.12, 326.11, 323.89, 324.44, 2726.99984183401
11/18/15, 324.44, 324.44, 322.22, 323.16, 2699.99984340001
11/17/15, 316.78, 323.00, 316.78, 322.33, 5363.99968888801
11/16/15, 323.67, 327.78, 322.78, 323.66, 1079.99993736
11/12/15, 325.56, 327.78, 321.22, 327.36, 3869.99977554001
11/11/15, 323.47, 323.47, 322.67, 322.70, 413.999975988001
11/10/15, 322.22, 326.67, 322.22, 322.62, 404.999976510001
11/09/15, 322.22, 322.22, 322.22, 322.22, 8.99999947800002
11/05/15, 325.67, 328.89, 325.67, 327.77, 476.999972334001
11/04/15, 325.78, 329.97, 322.78, 328.21, 2681.99984444401
11/03/15, 328.33, 328.89, 327.78, 328.51, 1124.99993475
11/02/15, 327.54, 328.56, 327.54, 328.01, 14327.999168976
10/29/15, 327.22, 328.67, 325.56, 326.98, 2267.99986845601
10/28/15, 325.89, 327.79, 325.89, 326.78, 38870.9977454821
10/27/15, 325.23, 327.00, 323.56, 325.93, 2132.99987628601
10/26/15, 325.79, 328.89, 325.79, 327.62, 13967.999189856
10/21/15, 327.79, 327.79, 323.00, 324.20, 1583.999908128
10/20/15, 323.02, 328.89, 323.01, 327.80, 3752.99978232601
10/19/15, 331.10, 331.10, 331.10, 331.10, 8.99999947800002
10/15/15, 320.33, 320.68, 320.31, 320.54, 1223.999929008
10/14/15, 320.22, 327.89, 317.23, 320.31, 926.999946234002
10/13/15, 313.33, 331.11, 312.78, 326.87, 16775.999026992
10/12/15, 321.78, 321.78, 320.22, 320.39, 2024.99988255001
10/08/15, 323.56, 323.56, 323.33, 323.38, 746.999956674002
10/07/15, 325.78, 325.78, 323.36, 323.81, 1970.999885682
10/06/15, 325.22, 325.68, 325.22, 325.59, 557.999967636001
10/05/15, 328.89, 328.89, 324.44, 325.30, 926.999946234002
10/01/15, 327.83, 328.89, 327.83, 328.44, 134.99999217
09/30/15, 328.11, 328.34, 327.78, 328.04, 2546.99985227401
09/29/15, 328.33, 328.39, 327.78, 327.82, 4841.99971916401
09/28/15, 332.09, 332.09, 330.24, 330.81, 8936.99948165402
09/22/15, 329.89, 329.89, 327.78, 329.01, 2042.999881506
09/21/15, 327.78, 328.23, 326.06, 327.34, 2681.99984444401
09/17/15, 332.22, 332.76, 329.00, 329.37, 2735.99984131201
09/16/15, 336.11, 336.11, 329.44, 330.14, 1277.999925876
09/15/15, 333.22, 333.28, 332.00, 332.62, 323.999981208001
09/14/15, 332.22, 333.33, 330.00, 332.60, 1061.999938404
09/10/15, 325.28, 333.00, 325.28, 328.96, 116.999993214
09/09/15, 332.21, 332.22, 328.44, 330.77, 1169.99993214
09/08/15, 332.78, 334.44, 332.22, 333.11, 872.999949366002
09/07/15, 328.11, 333.33, 327.89, 330.58, 11825.999314092
09/03/15, 337.78, 337.78, 329.33, 330.62, 1241.999927964
09/02/15, 327.79, 338.87, 327.79, 329.31, 2744.99984079001
09/01/15, 344.44, 345.56, 323.77, 324.71, 10133.999412228
08/31/15, 327.78, 346.67, 322.22, 340.79, 17576.998980534
08/27/15, 329.83, 329.84, 327.89, 329.78, 9872.99942736602
08/26/15, 328.67, 328.81, 328.08, 328.19, 1898.999889858
08/25/15, 334.44, 334.44, 325.39, 326.44, 1196.999930574
08/24/15, 326.27, 326.78, 326.24, 326.43, 692.999959806002
08/20/15, 327.78, 328.33, 327.78, 327.79, 2879.99983296001
08/19/15, 329.11, 333.11, 322.23, 327.37, 10691.999379864
08/18/15, 333.22, 333.22, 329.34, 330.22, 3590.99979172201
08/17/15, 328.07, 330.22, 328.07, 329.31, 341.999980164001
08/13/15, 328.60, 332.00, 328.60, 329.11, 1115.999935272
08/12/15, 328.01, 334.46, 328.01, 333.97, 890.999948322002
08/11/15, 333.44, 335.00, 333.33, 333.50, 11393.999339148
08/10/15, 329.01, 335.00, 329.01, 334.52, 14021.999186724
08/06/15, 336.78, 337.22, 336.11, 336.64, 7712.99955264602
08/05/15, 334.67, 338.78, 334.67, 336.68, 15524.99909955
08/04/15, 333.59, 336.89, 333.59, 336.28, 25559.9985175201
08/03/15, 333.33, 335.00, 333.33, 333.97, 23228.9986527181
07/30/15, 334.58, 336.44, 334.58, 335.57, 6038.99964973802
07/29/15, 333.89, 337.67, 333.89, 335.98, 8927.99948217602
07/28/15, 336.67, 337.50, 336.11, 336.69, 16928.999018118
07/27/15, 335.00, 337.22, 333.34, 336.84, 10673.999380908
07/23/15, 334.33, 340.00, 334.33, 337.51, 12662.999265546
07/22/15, 332.22, 336.67, 326.11, 335.30, 12824.99925615
07/21/15, 334.44, 334.44, 331.11, 332.14, 710.999958762002
07/14/15, 332.90, 335.56, 332.90, 333.29, 611.999964504002
07/13/15, 333.33, 336.56, 331.89, 333.13, 2474.99985645001
07/09/15, 332.11, 335.32, 332.11, 333.33, 512.999970246001
07/08/15, 331.78, 335.56, 331.78, 334.33, 3149.99981730001
07/07/15, 328.33, 333.33, 328.33, 332.50, 5930.99965600202
07/06/15, 327.67, 331.89, 327.67, 328.40, 2096.99987837401
07/02/15, 344.44, 344.44, 330.58, 332.29, 3968.99976979801
06/30/15, 323.33, 338.34, 323.33, 338.33, 968120.943848984
06/29/15, 322.21, 323.88, 320.59, 322.24, 10331.999400744
06/25/15, 325.32, 325.32, 323.22, 323.36, 458.999973378001
06/24/15, 325.00, 325.00, 322.22, 322.28, 3797.99977971601
06/23/15, 327.22, 327.22, 323.11, 323.83, 5489.99968158001
06/22/15, 328.56, 328.56, 324.11, 325.91, 116.999993214
06/18/15, 324.44, 325.56, 323.04, 324.44, 5102.99970402601
06/17/15, 327.67, 327.67, 322.78, 323.66, 4013.99976718801
06/16/15, 328.89, 329.33, 326.11, 327.76, 2249.99986950001
06/15/15, 327.78, 329.89, 325.61, 327.96, 3932.99977188601
06/11/15, 332.78, 332.78, 323.89, 327.80, 3590.99979172201
06/10/15, 327.78, 337.77, 327.78, 332.68, 17414.99898993
06/09/15, 322.67, 325.54, 322.67, 323.16, 6515.99962207202
06/08/15, 327.78, 330.11, 322.89, 323.72, 16622.999035866
06/04/15, 320.00, 327.66, 320.00, 326.67, 908.999947278002
06/02/15, 327.67, 328.78, 326.83, 327.30, 22247.9987096161
06/01/15, 322.22, 327.78, 318.89, 326.87, 28529.9983452601
05/28/15, 328.00, 328.00, 322.22, 323.60, 37367.9978326561
05/27/15, 322.22, 328.78, 322.22, 327.68, 18026.998954434
05/26/15, 320.00, 322.22, 320.00, 321.32, 5570.99967688201
05/25/15, 318.89, 323.11, 318.89, 320.74, 4472.99974056601
05/21/15, 319.56, 319.56, 316.67, 316.77, 1367.999920656
05/20/15, 316.67, 323.11, 306.67, 315.33, 31247.9981876161
05/19/15, 316.67, 321.11, 316.67, 318.31, 24884.9985566701
05/18/15, 317.89, 322.11, 315.89, 316.74, 17432.998988886
05/14/15, 323.00, 324.44, 320.23, 320.96, 14201.999176284
05/13/15, 325.54, 326.67, 322.80, 323.44, 21059.9987785201
05/12/15, 322.50, 326.11, 322.33, 325.50, 3770.99978128201
05/11/15, 329.44, 329.44, 325.78, 326.34, 42416.9975398141
05/07/15, 338.78, 339.44, 330.11, 332.73, 4265.99975257201
05/06/15, 336.67, 336.67, 329.31, 330.44, 6398.99962885802
05/05/15, 338.89, 339.00, 335.78, 337.76, 16559.99903952
05/04/15, 350.00, 350.00, 335.56, 343.50, 16343.999052048
04/30/15, 332.78, 347.59, 327.22, 345.73, 227303.986816369
04/29/15, 323.46, 338.33, 323.46, 331.04, 1808.999895078
04/27/15, 328.89, 335.56, 328.89, 333.73, 8711.99949470402
04/23/15, 328.89, 335.56, 328.89, 332.52, 5966.99965391402
04/22/15, 332.22, 334.44, 331.67, 331.79, 5417.99968575601
04/21/15, 334.33, 334.44, 331.33, 331.63, 6353.99963146802
04/20/15, 331.11, 334.89, 331.11, 332.13, 3644.99978859001
04/16/15, 338.89, 338.89, 333.89, 335.09, 6299.99963460002
04/15/15, 338.89, 342.11, 333.44, 334.23, 14336.999168454
04/13/15, 338.89, 341.67, 335.11, 337.23, 11987.999304696
04/09/15, 335.56, 337.73, 332.46, 333.22, 12869.99925354
04/08/15, 334.56, 335.56, 333.56, 335.27, 1016.999941014
04/07/15, 335.11, 337.21, 333.33, 335.13, 3527.99979537601
04/06/15, 338.36, 338.78, 335.59, 337.00, 7181.99958344402
04/02/15, 341.67, 344.32, 338.48, 339.43, 52865.9969337721
04/01/15, 352.11, 352.22, 343.33, 344.37, 20366.9988187141
03/31/15, 345.00, 353.33, 340.33, 350.74, 308996.982078175
03/30/15, 350.00, 350.00, 339.00, 339.94, 4292.99975100601
03/25/15, 347.22, 347.22, 341.78, 345.64, 6434.99962677002
03/24/15, 347.22, 347.22, 344.00, 346.49, 19907.998845336
03/23/15, 349.44, 349.89, 343.56, 346.30, 24245.9985937321
03/19/15, 341.67, 351.33, 341.67, 344.98, 4328.99974891801
03/18/15, 347.67, 353.09, 345.89, 347.39, 20186.998829154
03/16/15, 354.43, 354.43, 350.56, 352.94, 17621.998977924
03/12/15, 344.44, 349.33, 344.33, 348.56, 103922.993972466
03/11/15, 336.64, 344.33, 336.56, 343.23, 27764.9983896301
03/10/15, 323.33, 334.42, 323.33, 333.79, 22742.9986809061
03/09/15, 322.44, 333.22, 322.44, 330.66, 20501.9988108841
03/04/15, 335.56, 337.78, 333.73, 335.26, 11357.999341236
03/02/15, 343.33, 343.56, 336.11, 337.52, 17684.99897427
02/26/15, 327.22, 341.62, 325.00, 340.30, 93527.9945753762
02/25/15, 324.46, 325.56, 322.22, 325.36, 26567.9984590561
02/24/15, 325.44, 325.56, 322.22, 323.48, 7928.99954011802
02/23/15, 323.68, 327.22, 319.22, 322.04, 10502.999390826
02/19/15, 333.22, 333.33, 330.56, 330.98, 29303.9983003681
02/18/15, 332.78, 333.33, 329.68, 330.64, 27701.9983932841
02/17/15, 325.44, 333.33, 320.00, 329.16, 41309.9976040201
02/16/15, 324.33, 324.33, 318.89, 319.78, 7406.99957039402
02/12/15, 322.22, 322.22, 320.00, 320.17, 11951.999306784
02/11/15, 323.56, 324.89, 321.11, 321.23, 13949.9991909
02/10/15, 326.67, 326.67, 322.78, 323.12, 4562.99973534601
02/09/15, 326.67, 326.67, 322.89, 323.03, 22202.9987122261
02/05/15, 327.78, 333.33, 325.83, 327.64, 11996.999304174
02/04/15, 325.28, 330.44, 324.44, 327.78, 4913.99971498801
02/03/15, 323.33, 324.22, 322.22, 322.32, 27611.9983985041
02/02/15, 322.22, 325.44, 322.22, 322.56, 102446.994058074
01/29/15, 308.89, 328.59, 308.89, 326.04, 86624.9949757502
01/28/15, 311.19, 315.53, 311.19, 312.96, 1259.99992692
01/27/15, 310.00, 311.56, 310.00, 311.19, 1349.9999217
01/26/15, 309.22, 311.11, 309.22, 310.11, 593.999965548002
01/22/15, 311.00, 311.11, 306.90, 308.40, 2582.99985018601
01/21/15, 312.23, 312.78, 307.78, 309.81, 5849.99966070002
01/20/15, 313.89, 314.44, 311.11, 313.52, 7847.99954481602
01/19/15, 316.67, 318.22, 311.28, 312.61, 7298.99957665802
01/15/15, 311.89, 321.11, 311.89, 320.44, 28178.9983656181
01/14/15, 311.11, 319.33, 311.11, 317.07, 18044.99895339
01/13/15, 309.56, 312.00, 309.44, 311.12, 21275.9987659921
01/12/15, 305.11, 312.11, 303.33, 311.40, 59129.9965704602
01/08/15, 298.89, 303.67, 298.89, 303.00, 16046.999069274
01/07/15, 297.22, 299.32, 296.22, 297.47, 9908.99942527802
01/06/15, 295.44, 298.22, 292.67, 297.38, 4976.99971133401
01/05/15, 292.33, 295.56, 292.33, 292.89, 1772.999897166
01/01/15, 296.56, 296.56, 293.33, 295.67, 1439.99991648
12/30/14, 290.00, 295.56, 290.00, 294.48, 5363.99968888801
12/29/14, 289.12, 289.12, 286.69, 288.13, 9620.99944198202
12/24/14, 292.89, 295.00, 291.67, 291.90, 656.999961894002
12/23/14, 292.78, 293.22, 291.11, 291.78, 2420.99985958201
12/22/14, 293.89, 294.44, 291.22, 292.56, 2375.99986219201
12/18/14, 293.44, 299.33, 293.44, 294.43, 818.999952498002
12/17/14, 295.56, 297.78, 294.44, 294.63, 3869.99977554001
12/15/14, 295.67, 300.00, 291.78, 297.22, 1421.999917524
12/11/14, 310.56, 310.56, 303.33, 305.44, 6902.99959962602
12/10/14, 305.56, 308.11, 305.56, 306.60, 4949.99971290001
12/09/14, 304.44, 305.33, 302.78, 304.57, 3149.99981730001
12/08/14, 302.78, 305.00, 302.22, 302.61, 53549.9968941001
11/27/14, 286.67, 301.58, 286.67, 300.96, 46349.9973117001
11/25/14, 287.22, 287.22, 287.22, 287.22, 449.999973900001
11/24/14, 286.69, 286.69, 286.67, 286.68, 2249.99986950001
11/20/14, 300.00, 300.00, 298.33, 299.64, 2249.99986950001
11/19/14, 300.11, 300.56, 299.67, 300.08, 2699.99984340001
11/18/14, 299.61, 300.00, 299.61, 299.76, 14399.9991648
11/17/14, 300.00, 300.56, 299.11, 299.58, 42749.9975205001
11/13/14, 297.90, 300.00, 297.90, 299.96, 113849.9933967
11/12/14, 297.22, 306.67, 296.78, 300.11, 22949.9986689001
11/11/14, 301.22, 301.22, 297.78, 299.93, 297449.982747901
11/10/14, 302.78, 302.78, 300.67, 302.53, 8099.99953020002
11/06/14, 302.80, 302.89, 302.80, 302.82, 1349.9999217
11/05/14, 302.80, 302.81, 302.78, 302.79, 3149.99981730001
11/03/14, 302.83, 302.83, 302.79, 302.80, 1799.9998956
10/30/14, 301.11, 305.56, 301.11, 304.81, 4049.99976510001
10/29/14, 308.22, 308.22, 305.56, 305.72, 9899.99942580002
10/23/14, 310.00, 310.00, 306.78, 308.22, 3149.99981730001
10/22/14, 306.00, 306.00, 306.00, 306.00, 899.999947800002
10/21/14, 297.78, 311.00, 297.78, 303.59, 12149.9992953
10/20/14, 300.00, 305.10, 300.00, 300.47, 4949.99971290001
10/16/14, 302.46, 305.22, 302.46, 304.67, 2249.99986950001
10/15/14, 301.67, 308.64, 301.67, 304.29, 8549.99950410002
10/14/14, 305.44, 305.56, 301.28, 302.41, 6749.99960850002
10/13/14, 307.66, 307.66, 297.80, 301.03, 4049.99976510001
10/02/14, 312.22, 312.22, 307.33, 310.99, 121499.992953
10/01/14, 307.78, 313.34, 300.00, 313.16, 192599.9888292
09/30/14, 298.89, 314.11, 295.67, 310.89, 172349.9900037
09/29/14, 303.22, 303.22, 297.78, 299.16, 25199.9985384001
09/25/14, 304.56, 304.56, 297.33, 300.93, 12149.9992953
09/24/14, 305.89, 305.89, 305.67, 305.78, 10799.9993736
09/23/14, 305.56, 305.89, 305.56, 305.72, 2249.99986950001
09/22/14, 305.56, 305.56, 300.33, 302.20, 6749.99960850002
09/18/14, 306.33, 315.56, 306.33, 311.63, 112049.9935011
09/17/14, 304.44, 307.56, 304.44, 306.33, 35999.9979120001
09/16/14, 305.67, 305.89, 305.56, 305.70, 1349.9999217
09/15/14, 301.11, 306.44, 301.11, 305.57, 39149.9977293001
09/11/14, 296.67, 300.00, 296.67, 299.76, 20699.9987994
09/10/14, 295.56, 298.89, 295.00, 297.64, 20249.9988255
09/09/14, 291.17, 296.67, 291.17, 295.27, 11249.9993475
09/08/14, 285.11, 291.67, 285.00, 289.93, 33299.9980686001
09/04/14, 287.78, 287.78, 283.44, 285.01, 10349.9993997
09/03/14, 288.89, 288.89, 288.33, 288.44, 4049.99976510001
09/02/14, 290.00, 293.33, 286.78, 289.31, 11699.9993214
09/01/14, 305.56, 305.56, 290.22, 300.49, 17099.9990082
08/28/14, 284.33, 292.58, 282.33, 292.42, 83249.9951715002
08/27/14, 266.67, 280.02, 266.67, 278.66, 204749.988124501
08/26/14, 267.78, 267.78, 266.67, 266.69, 27899.9983818001
08/25/14, 267.22, 267.22, 266.67, 266.71, 80099.9953542002
08/20/14, 273.33, 274.44, 273.33, 273.39, 10349.9993997
08/19/14, 274.78, 275.02, 274.78, 275.00, 24749.9985645001
08/18/14, 275.00, 275.00, 274.44, 274.60, 46349.9973117001
08/14/14, 275.67, 275.67, 274.48, 275.04, 4499.99973900001
08/12/14, 277.78, 279.11, 276.14, 277.81, 89099.9948322002
08/11/14, 276.60, 280.00, 276.60, 277.92, 13499.999217
08/07/14, 275.44, 280.00, 272.22, 278.33, 31499.9981730001
08/06/14, 266.67, 273.33, 266.67, 272.28, 52649.9969463001
08/05/14, 268.46, 269.78, 268.11, 268.86, 8549.99950410002
08/04/14, 269.44, 269.44, 262.36, 268.32, 43199.9974944001
07/24/14, 268.66, 271.89, 268.66, 270.60, 24299.9985906001
07/23/14, 268.89, 271.11, 263.33, 268.92, 11699.9993214
07/22/14, 268.67, 276.67, 267.78, 269.92, 20699.9987994
07/21/14, 266.67, 267.78, 266.67, 266.83, 8549.99950410002
07/17/14, 267.78, 268.89, 266.44, 268.67, 26549.9984601001
07/16/14, 265.44, 268.33, 265.44, 267.47, 14399.9991648
07/15/14, 257.92, 260.00, 257.92, 259.16, 5399.99968680001
07/14/14, 260.00, 262.22, 258.89, 259.64, 19349.9988777
07/09/14, 259.11, 260.01, 259.00, 259.66, 3149.99981730001
07/08/14, 264.44, 264.44, 260.78, 262.91, 6749.99960850002
07/07/14, 269.47, 269.47, 265.57, 267.53, 3599.99979120001
07/03/14, 265.00, 265.00, 254.53, 260.48, 5399.99968680001
07/02/14, 260.56, 268.78, 260.56, 267.92, 40049.9976771001
06/30/14, 245.56, 257.58, 245.56, 257.57, 90899.9947278002
06/26/14, 236.67, 244.22, 235.56, 237.01, 12599.9992692
06/25/14, 235.11, 235.56, 233.33, 235.02, 5849.99966070002
06/24/14, 233.11, 233.11, 231.11, 231.94, 9899.99942580002
06/23/14, 231.11, 233.33, 230.67, 231.36, 24299.9985906001
06/19/14, 231.36, 234.33, 228.83, 232.99, 203399.9882028
06/18/14, 235.00, 235.00, 227.78, 232.17, 10349.9993997
06/17/14, 235.56, 238.89, 233.33, 234.44, 36449.9978859001
06/16/14, 230.00, 236.11, 230.00, 234.48, 30599.9982252001
06/12/14, 242.46, 242.46, 236.11, 240.20, 54899.9968158001
06/11/14, 245.56, 248.89, 244.44, 245.76, 7199.99958240002
06/10/14, 239.00, 248.78, 239.00, 243.51, 233099.986480201
06/09/14, 253.89, 253.89, 241.11, 245.64, 11249.9993475
06/05/14, 257.77, 257.77, 244.44, 247.48, 9899.99942580002
06/04/14, 256.22, 260.00, 255.56, 256.02, 7649.99955630002
06/03/14, 264.44, 264.44, 258.00, 261.62, 16649.9990343
06/02/14, 260.89, 268.89, 260.89, 265.99, 68399.9960328002
05/29/14, 253.33, 262.54, 251.11, 261.59, 139049.9919351
05/28/14, 251.56, 251.56, 250.00, 250.08, 24749.9985645001
05/27/14, 240.00, 251.02, 240.00, 250.11, 106649.9938143
05/26/14, 238.89, 241.11, 238.33, 239.08, 86399.9949888002
05/22/14, 247.67, 247.67, 241.67, 243.83, 28799.9983296001
05/21/14, 246.90, 250.00, 246.67, 247.70, 67949.9960589002
05/20/14, 248.89, 248.89, 246.67, 247.87, 13049.9992431
05/19/14, 247.22, 250.00, 245.89, 246.66, 60749.9964765002
05/15/14, 252.67, 253.33, 246.33, 249.70, 19799.9988516
05/14/14, 261.11, 261.11, 251.79, 256.78, 38249.9977815001
05/12/14, 257.33, 261.11, 257.33, 258.47, 3599.99979120001
05/08/14, 268.89, 268.89, 263.44, 266.11, 8549.99950410002
05/07/14, 270.22, 272.22, 266.67, 270.22, 5399.99968680001
05/06/14, 261.68, 278.33, 258.48, 271.04, 58949.9965809002
05/05/14, 268.56, 271.67, 264.56, 265.77, 16649.9990343
04/30/14, 277.78, 279.44, 267.33, 273.17, 46349.9973117001
04/29/14, 278.44, 278.78, 274.01, 277.67, 6749.99960850002
04/28/14, 274.78, 278.89, 272.11, 277.22, 23849.9986167001
04/24/14, 280.00, 282.22, 273.33, 275.58, 52199.9969724001
04/23/14, 280.00, 281.11, 275.79, 279.96, 24299.9985906001
04/22/14, 271.56, 277.78, 271.56, 275.39, 15299.9991126
04/21/14, 272.78, 273.33, 272.22, 272.86, 4949.99971290001
04/17/14, 271.12, 282.22, 271.12, 280.83, 12599.9992692
04/16/14, 282.22, 285.93, 276.67, 281.92, 6749.99960850002
04/15/14, 280.33, 288.89, 280.33, 288.47, 279449.983791901
04/10/14, 280.78, 282.22, 271.11, 280.00, 18899.9989038
04/09/14, 295.00, 295.00, 282.78, 283.36, 30599.9982252001
04/08/14, 294.43, 294.67, 290.56, 294.19, 139949.9918829
04/07/14, 277.56, 291.11, 277.56, 289.58, 136799.9920656
04/03/14, 279.56, 283.33, 276.98, 282.83, 52649.9969463001
04/02/14, 269.00, 282.21, 269.00, 280.30, 165149.9904213
04/01/14, 260.78, 268.92, 258.33, 268.91, 77399.9955108002
03/31/14, 246.67, 258.89, 245.67, 256.12, 120599.9930052
03/27/14, 233.33, 238.67, 233.33, 236.27, 55349.9967897001
03/25/14, 233.44, 236.11, 233.44, 235.43, 170549.9901081
03/24/14, 237.22, 237.22, 233.89, 234.99, 158399.9908128
03/20/14, 236.11, 243.31, 236.11, 242.22, 125099.9927442
03/19/14, 237.66, 237.66, 233.33, 235.79, 8099.99953020002
03/18/14, 235.56, 238.89, 235.54, 238.46, 195749.9886465
03/13/14, 233.33, 239.44, 231.67, 238.28, 62999.9963460002
03/11/14, 236.22, 238.89, 235.22, 237.96, 16649.9990343
03/10/14, 237.33, 237.44, 232.22, 235.42, 3599.99979120001
03/06/14, 238.78, 243.00, 231.67, 236.90, 26999.9984340001
03/05/14, 238.78, 244.22, 229.00, 232.60, 14399.9991648
03/04/14, 246.44, 246.44, 231.24, 232.94, 24299.9985906001
03/03/14, 244.56, 244.56, 240.72, 241.44, 11249.9993475
02/27/14, 255.56, 256.67, 223.00, 255.46, 629999.963460002
02/26/14, 235.00, 245.39, 234.44, 244.32, 250649.985462301
02/25/14, 235.00, 235.00, 232.33, 233.71, 118799.9931096
02/24/14, 233.44, 235.56, 233.33, 233.52, 25199.9985384001
02/20/14, 227.78, 232.00, 226.67, 227.92, 211949.987706901
02/19/14, 227.78, 228.89, 227.33, 228.24, 112049.9935011
02/18/14, 225.00, 225.00, 221.11, 223.40, 8099.99953020002
02/17/14, 228.22, 228.22, 224.78, 225.97, 33299.9980686001
02/13/14, 226.17, 228.89, 226.14, 227.68, 36899.9978598001
02/12/14, 231.11, 233.33, 229.50, 229.81, 49049.9971551001
02/11/14, 232.67, 232.67, 228.44, 230.38, 29249.9983035001
02/10/14, 238.89, 238.89, 230.00, 231.96, 93599.9945712002
02/06/14, 229.00, 240.48, 229.00, 233.42, 412649.976066301
02/05/14, 217.78, 229.07, 217.78, 229.03, 43649.9974683001
02/04/14, 214.44, 224.22, 213.89, 217.96, 26549.9984601001
02/03/14, 214.44, 216.33, 213.33, 213.87, 22949.9986689001
01/30/14, 205.56, 216.11, 205.56, 214.33, 100799.9941536
01/29/14, 193.89, 205.23, 193.89, 205.22, 85049.9950671002
01/28/14, 188.89, 195.56, 188.89, 194.13, 85499.9950410002
01/27/14, 188.71, 188.71, 187.22, 187.77, 5399.99968680001
01/23/14, 188.89, 189.06, 188.33, 188.64, 10799.9993736
01/22/14, 187.22, 189.22, 187.22, 188.36, 8099.99953020002
01/21/14, 182.22, 186.11, 182.22, 185.19, 3149.99981730001
01/20/14, 186.78, 186.78, 184.78, 185.89, 4949.99971290001
01/16/14, 186.79, 191.11, 186.79, 188.88, 5399.99968680001
01/15/14, 188.89, 188.89, 187.78, 188.08, 13049.9992431
01/13/14, 183.33, 192.11, 183.33, 191.17, 35099.9979642001
01/09/14, 185.76, 185.76, 181.34, 183.54, 4049.99976510001
01/08/14, 183.33, 185.44, 183.32, 184.62, 119699.9930574
01/07/14, 181.23, 183.33, 181.22, 182.31, 3149.99981730001
01/06/14, 181.10, 181.10, 181.10, 181.10, 449.999973900001
01/02/14, 177.22, 185.54, 177.22, 181.01, 86399.9949888002
01/01/14, 177.22, 178.89, 176.92, 177.24, 7199.99958240002
12/30/13, 178.33, 178.89, 177.78, 178.12, 7199.99958240002
12/24/13, 182.22, 182.22, 177.78, 177.78, 25649.9985123001
12/23/13, 176.67, 178.44, 175.56, 176.44, 15299.9991126
12/19/13, 177.22, 177.22, 175.56, 176.69, 7649.99955630002
12/18/13, 177.78, 177.78, 175.56, 176.46, 9449.99945190002
12/17/13, 182.33, 182.33, 176.67, 178.77, 10349.9993997
12/12/13, 180.00, 182.22, 178.89, 180.30, 12599.9992692
12/11/13, 183.33, 183.33, 179.56, 181.13, 12599.9992692
12/10/13, 185.56, 185.56, 184.22, 184.62, 4049.99976510001
12/09/13, 184.67, 184.67, 184.67, 184.67, 2699.99984340001
12/05/13, 185.56, 190.00, 185.56, 189.09, 59849.9965287002
12/04/13, 183.33, 185.56, 183.33, 184.13, 6749.99960850002
12/03/13, 187.53, 187.53, 183.33, 183.61, 6749.99960850002
12/02/13, 187.67, 188.67, 186.67, 187.50, 40049.9976771001
11/27/13, 184.41, 185.11, 184.22, 184.56, 34199.9980164001
11/26/13, 185.00, 185.00, 183.33, 184.41, 4949.99971290001
11/25/13, 188.56, 190.00, 188.56, 189.58, 35549.9979381001
11/21/13, 190.00, 190.00, 189.33, 189.99, 26999.9984340001
11/20/13, 195.56, 195.56, 189.00, 189.36, 33299.9980686001
11/19/13, 183.33, 191.00, 183.33, 189.38, 90899.9947278002
11/18/13, 181.67, 183.11, 181.11, 182.34, 12599.9992692
11/14/13, 182.21, 182.21, 181.11, 181.58, 28349.9983557001
11/13/13, 179.17, 182.33, 179.17, 181.57, 24299.9985906001
11/12/13, 179.56, 179.56, 178.89, 179.11, 1349.9999217
11/11/13, 180.00, 180.56, 178.33, 179.52, 10799.9993736
11/07/13, 177.78, 181.11, 177.78, 178.72, 13049.9992431
11/06/13, 177.78, 178.78, 177.78, 177.84, 19799.9988516
11/05/13, 177.78, 179.46, 177.78, 177.79, 40499.9976510001
11/04/13, 179.77, 179.77, 177.78, 177.78, 24299.9985906001
10/31/13, 173.33, 188.89, 172.22, 174.78, 243899.985853801
10/30/13, 170.22, 172.22, 170.11, 170.74, 5399.99968680001
10/29/13, 172.22, 174.34, 171.33, 172.82, 7199.99958240002
10/28/13, 171.00, 175.87, 168.00, 173.30, 54449.9968419001
10/24/13, 165.00, 167.89, 165.00, 167.07, 8099.99953020002
10/23/13, 162.78, 171.11, 162.78, 168.73, 5849.99966070002
10/22/13, 170.56, 171.11, 167.78, 169.62, 4049.99976510001
10/21/13, 167.61, 172.22, 167.61, 169.99, 14399.9991648
10/10/13, 170.56, 175.56, 170.00, 175.23, 140849.9918307
10/09/13, 169.44, 172.17, 168.89, 169.51, 39599.9977032001
10/08/13, 179.44, 179.78, 167.22, 170.72, 34649.9979903001
10/07/13, 171.78, 176.89, 171.78, 176.64, 375299.978232601
10/03/13, 171.11, 171.11, 164.44, 165.46, 40949.9976249001
10/02/13, 173.36, 176.42, 172.22, 174.37, 175949.9897949
10/01/13, 172.78, 176.56, 172.22, 175.00, 181349.9894817
09/30/13, 170.67, 175.56, 170.00, 173.53, 232649.986506301
09/26/13, 167.67, 171.11, 166.67, 169.40, 129149.9925093
09/25/13, 158.34, 167.22, 158.34, 166.49, 125099.9927442
09/24/13, 157.06, 159.44, 157.06, 157.67, 10799.9993736
09/23/13, 159.44, 160.00, 155.56, 157.07, 37799.9978076001
09/19/13, 165.11, 166.67, 161.78, 162.08, 31949.9981469001
09/18/13, 173.33, 173.33, 166.00, 166.52, 23849.9986167001
09/17/13, 166.43, 166.67, 163.89, 166.38, 117449.9931879
09/16/13, 167.89, 167.89, 165.13, 165.49, 37349.9978337001
09/12/13, 178.56, 178.56, 171.36, 173.81, 21599.9987472001
09/11/13, 173.33, 179.08, 173.33, 176.79, 51299.9970246001
09/10/13, 172.22, 175.44, 171.11, 173.52, 22949.9986689001
09/09/13, 169.89, 173.00, 166.56, 170.53, 46799.9972856001
09/05/13, 170.22, 171.33, 167.00, 170.76, 26549.9984601001
09/04/13, 172.22, 174.22, 167.00, 169.54, 26549.9984601001
09/03/13, 162.78, 171.67, 162.78, 170.47, 28349.9983557001
09/02/13, 169.44, 169.44, 161.67, 162.40, 67049.9961111002
08/29/13, 177.78, 177.78, 170.00, 171.60, 79649.9953803002
08/27/13, 179.44, 182.22, 177.67, 177.76, 40949.9976249001
08/26/13, 181.11, 181.23, 173.89, 176.69, 102599.9940492
08/22/13, 168.89, 175.22, 166.67, 172.56, 112049.9935011
08/21/13, 166.78, 172.22, 165.57, 166.19, 189899.9889858
08/20/13, 171.00, 171.00, 162.78, 167.38, 233549.986454101
08/19/13, 153.00, 162.44, 153.00, 162.42, 181349.9894817
08/14/13, 156.44, 156.56, 151.78, 153.26, 17099.9990082
08/13/13, 155.22, 156.67, 150.00, 154.02, 77849.9954847002
08/12/13, 155.56, 157.78, 154.56, 155.04, 58049.9966331002
08/05/13, 152.47, 154.44, 150.00, 153.19, 41399.9975988001
08/01/13, 154.44, 161.56, 153.56, 159.32, 70199.9959284002
07/31/13, 166.44, 166.67, 158.89, 160.72, 102149.9940753
07/30/13, 152.96, 161.54, 150.33, 158.50, 71999.9958240002
07/29/13, 141.67, 152.18, 141.67, 152.18, 206999.987994001
07/25/13, 137.56, 138.67, 132.22, 137.90, 64349.9962677002
07/24/13, 127.78, 132.22, 127.06, 130.88, 37799.9978076001
07/23/13, 123.44, 124.56, 123.44, 124.53, 52199.9969724001
07/22/13, 120.44, 123.33, 120.44, 121.77, 96749.9943885002
07/18/13, 125.56, 125.56, 125.00, 125.28, 3599.99979120001
07/17/13, 133.34, 135.00, 128.33, 131.03, 26099.9984862001
07/16/13, 134.44, 136.11, 134.44, 134.89, 8999.99947800002
07/15/13, 129.11, 136.44, 129.00, 134.61, 61649.9964243002
07/11/13, 146.30, 146.30, 133.44, 136.28, 40949.9976249001
07/10/13, 136.33, 137.71, 136.33, 137.71, 143549.9916741
07/09/13, 126.43, 129.86, 126.43, 129.61, 147599.9914392
07/08/13, 120.00, 124.33, 120.00, 122.22, 49049.9971551001
07/04/13, 118.90, 119.78, 118.68, 118.84, 33299.9980686001
07/03/13, 120.44, 120.44, 117.78, 118.58, 41849.9975727001
07/02/13, 118.47, 120.00, 118.22, 119.68, 67949.9960589002
06/27/13, 119.78, 119.78, 118.44, 119.68, 134999.99217
06/26/13, 120.00, 120.46, 118.89, 119.26, 91349.9947017002
06/24/13, 120.00, 121.98, 119.58, 120.46, 80549.9953281002
06/20/13, 118.89, 118.89, 117.78, 118.53, 131399.9923788
06/19/13, 113.56, 118.33, 112.78, 117.17, 47249.9972595001
06/18/13, 115.01, 115.62, 114.47, 114.63, 58049.9966331002
06/17/13, 117.22, 117.22, 114.44, 115.71, 31499.9981730001
06/13/13, 119.44, 119.44, 117.78, 117.99, 32399.9981208001
06/12/13, 120.11, 120.11, 118.33, 118.80, 39149.9977293001
06/11/13, 120.33, 120.44, 118.89, 119.52, 111149.9935533
06/10/13, 120.56, 122.22, 120.00, 120.31, 132299.9923266
06/06/13, 119.99, 123.10, 119.89, 121.46, 305549.982278101
06/05/13, 113.68, 118.32, 113.68, 117.66, 234899.986375801
06/04/13, 111.64, 114.44, 111.56, 113.70, 228149.986767301
06/03/13, 111.11, 111.42, 110.67, 110.87, 53099.9969202001
05/30/13, 113.33, 113.33, 111.11, 111.23, 127349.9926137
05/29/13, 111.22, 113.78, 111.22, 112.33, 89549.9948061002
05/28/13, 110.11, 112.00, 110.11, 111.17, 60749.9964765002
05/27/13, 109.56, 110.89, 108.89, 110.08, 70649.9959023002
05/22/13, 110.43, 110.56, 107.78, 108.41, 29249.9983035001
05/21/13, 108.89, 110.41, 108.89, 109.94, 40949.9976249001
05/20/13, 108.34, 110.00, 108.33, 109.78, 75599.9956152002
05/16/13, 106.67, 110.78, 106.11, 109.43, 84599.9950932002
05/15/13, 106.44, 106.67, 105.56, 106.27, 51749.9969985001
05/14/13, 107.00, 107.22, 106.12, 106.36, 135449.9921439
05/13/13, 104.28, 107.11, 104.28, 105.86, 71099.9958762002
05/09/13, 104.46, 105.54, 103.89, 104.46, 67949.9960589002
05/08/13, 107.22, 107.78, 105.00, 105.71, 31949.9981469001
05/07/13, 107.76, 107.77, 105.17, 106.83, 76949.9955369002
05/06/13, 101.67, 107.71, 101.67, 106.59, 201599.988307201
05/02/13, 101.00, 101.11, 99.11, 100.66, 42749.9975205001
04/30/13, 100.11, 100.33, 99.44, 100.01, 29699.9982774001
04/29/13, 99.01, 99.01, 98.44, 98.73, 8099.99953020002
04/25/13, 97.28, 98.00, 97.28, 97.59, 4949.99971290001
04/24/13, 97.22, 97.22, 96.67, 96.79, 19799.9988516
04/23/13, 97.22, 98.67, 95.67, 96.78, 25649.9985123001
04/22/13, 96.67, 99.44, 96.67, 97.90, 12149.9992953
04/18/13, 98.33, 98.33, 97.89, 98.06, 8099.99953020002
04/17/13, 97.67, 98.89, 97.67, 98.38, 3599.99979120001
04/15/13, 99.67, 99.67, 98.33, 98.87, 2699.99984340001
04/11/13, 98.44, 98.44, 98.11, 98.29, 2249.99986950001
04/10/13, 99.56, 99.99, 98.90, 99.29, 12599.9992692
04/09/13, 100.00, 100.11, 99.79, 99.96, 25649.9985123001
04/08/13, 101.11, 101.33, 101.11, 101.13, 16199.9990604
04/04/13, 100.99, 101.11, 100.22, 100.99, 9899.99942580002
04/03/13, 100.78, 101.11, 100.44, 101.01, 37349.9978337001
04/02/13, 100.00, 100.11, 99.56, 99.94, 12149.9992953
04/01/13, 100.00, 100.00, 98.89, 99.83, 32849.9980947001
03/28/13, 100.11, 100.31, 100.00, 100.06, 12149.9992953
03/27/13, 100.00, 100.28, 100.00, 100.00, 44999.9973900001
03/25/13, 99.83, 101.11, 99.83, 100.89, 53549.9968941001
03/20/13, 100.00, 100.01, 100.00, 100.00, 34649.9979903001
03/19/13, 99.44, 100.33, 99.44, 100.01, 43199.9974944001
03/18/13, 100.84, 100.84, 100.00, 100.00, 42749.9975205001
03/14/13, 100.42, 101.10, 99.56, 100.03, 33749.9980425001
03/13/13, 98.46, 101.11, 98.46, 100.42, 63899.9962938002
03/12/13, 97.89, 99.89, 97.89, 98.98, 6749.99960850002
03/11/13, 97.89, 100.00, 96.22, 97.70, 93599.9945712002
03/07/13, 103.34, 104.33, 102.44, 102.90, 121049.9929791
03/06/13, 106.11, 106.32, 103.52, 103.93, 110249.9936055
03/05/13, 104.42, 106.11, 104.33, 104.61, 149849.9913087
03/04/13, 100.00, 104.44, 100.00, 103.44, 161999.990604
02/28/13, 100.44, 101.67, 100.11, 100.50, 43199.9974944001
02/27/13, 103.33, 105.11, 100.22, 100.32, 157049.9908911
02/26/13, 102.78, 103.00, 100.67, 102.30, 65249.9962155002
02/25/13, 104.22, 104.22, 100.00, 100.59, 116099.9932662
02/20/13, 100.61, 102.78, 100.44, 101.58, 21599.9987472001
02/19/13, 100.62, 102.28, 100.33, 100.87, 15299.9991126
02/18/13, 101.89, 101.89, 100.06, 100.94, 29699.9982774001
02/14/13, 103.33, 103.33, 102.57, 102.97, 26549.9984601001
02/13/13, 103.10, 103.87, 103.00, 103.14, 56699.9967114001
02/12/13, 102.33, 103.67, 102.33, 103.10, 69299.9959806002
02/11/13, 103.78, 103.78, 102.78, 102.88, 56699.9967114001
02/07/13, 103.22, 104.44, 103.00, 104.04, 59399.9965548002
02/06/13, 101.56, 104.89, 101.11, 102.88, 41849.9975727001
02/05/13, 100.78, 101.33, 100.56, 100.90, 4499.99973900001
02/04/13, 102.11, 102.33, 99.06, 101.00, 14849.9991387
01/31/13, 99.50, 100.78, 99.28, 99.78, 2699.99984340001
01/30/13, 102.11, 102.11, 98.89, 99.46, 22499.9986950001
01/29/13, 99.97, 101.44, 98.36, 99.58, 13949.9991909
01/28/13, 101.76, 101.77, 97.78, 99.63, 17549.9989821
01/24/13, 103.89, 104.00, 103.11, 103.87, 321299.981364601
01/23/13, 105.43, 105.43, 103.89, 104.73, 76949.9955369002
01/22/13, 101.69, 104.10, 101.69, 103.84, 49949.9971029001
01/21/13, 99.56, 102.22, 98.78, 101.62, 38249.9977815001
01/17/13, 102.11, 105.44, 102.11, 103.98, 132299.9923266
01/16/13, 97.67, 101.67, 97.33, 101.11, 166499.990343
01/15/13, 93.89, 96.66, 93.89, 96.02, 118799.9931096
01/14/13, 94.33, 94.39, 92.44, 93.57, 3149.99981730001
01/10/13, 94.32, 94.32, 92.11, 93.82, 12149.9992953
01/09/13, 93.33, 93.33, 92.89, 93.10, 5399.99968680001
01/08/13, 93.33, 93.33, 93.11, 93.24, 6749.99960850002
01/07/13, 93.33, 93.37, 93.22, 93.31, 5399.99968680001
01/03/13, 93.11, 93.56, 93.00, 93.34, 4499.99973900001
01/02/13, 93.33, 93.61, 92.44, 93.07, 60749.9964765002
01/01/13, 93.68, 93.68, 91.81, 93.14, 2249.99986950001
12/27/12, 93.33, 93.83, 91.67, 92.76, 40949.9976249001
12/26/12, 93.33, 95.56, 93.01, 93.33, 26549.9984601001
12/24/12, 92.78, 94.32, 92.78, 93.70, 31499.9981730001
12/20/12, 94.67, 94.78, 93.33, 93.42, 45899.9973378001
12/19/12, 95.07, 95.21, 94.50, 94.97, 15299.9991126
12/18/12, 96.67, 96.67, 94.44, 95.28, 55799.9967636001
12/17/12, 98.27, 98.27, 95.78, 96.31, 8549.99950410002
12/13/12, 97.00, 97.00, 96.11, 96.58, 4049.99976510001
12/12/12, 98.89, 98.89, 97.00, 97.32, 27449.9984079001
12/11/12, 97.78, 98.44, 96.67, 97.52, 34649.9979903001
12/10/12, 100.00, 100.44, 97.22, 97.58, 66599.9961372002
12/06/12, 96.78, 96.78, 94.49, 94.86, 121949.9929269
12/05/12, 101.33, 101.33, 96.89, 97.56, 167399.9902908
12/04/12, 98.67, 98.72, 97.90, 97.98, 100349.9941797
12/03/12, 98.67, 99.00, 98.44, 98.72, 115199.9933184
11/29/12, 100.56, 102.21, 97.80, 99.18, 62549.9963721002
11/28/12, 98.33, 99.33, 97.78, 98.79, 171449.9900559
11/27/12, 95.56, 98.78, 95.56, 98.00, 155249.9909955
11/26/12, 100.89, 100.89, 95.56, 96.21, 69749.9959545002
11/22/12, 101.67, 101.67, 98.89, 100.21, 66149.9961633002
11/21/12, 101.61, 102.33, 98.33, 101.70, 175949.9897949
11/20/12, 101.22, 101.33, 99.11, 99.32, 267749.984470501
11/19/12, 105.44, 105.44, 101.11, 101.70, 183149.9893773
11/15/12, 106.67, 109.67, 105.72, 108.10, 207449.987967901
11/14/12, 97.78, 104.52, 97.78, 104.48, 386099.977606201
11/13/12, 95.78, 99.32, 95.56, 97.58, 281699.983661401
11/12/12, 96.22, 97.67, 93.33, 95.22, 121049.9929791
11/08/12, 92.67, 98.58, 92.67, 98.34, 617849.964164702
11/07/12, 88.88, 92.00, 88.88, 91.71, 573749.966722501
11/06/12, 86.67, 88.78, 86.67, 88.40, 122849.9928747
11/01/12, 89.77, 89.77, 88.33, 88.37, 211949.987706901
10/31/12, 87.90, 88.89, 87.90, 88.81, 442349.974343701
10/30/12, 87.53, 88.67, 86.68, 88.24, 229049.986715101
10/23/12, 86.66, 86.89, 86.17, 86.61, 103499.993997
10/22/12, 86.11, 86.11, 85.56, 85.62, 156149.9909433
10/18/12, 86.81, 87.22, 86.56, 86.66, 264599.984653201
10/17/12, 86.28, 87.11, 86.13, 86.81, 150749.9912565
10/16/12, 86.56, 86.89, 85.78, 86.80, 67049.9961111002
10/15/12, 85.28, 86.67, 85.22, 86.16, 189449.9890119
10/11/12, 84.74, 85.32, 84.22, 84.73, 58949.9965809002
10/10/12, 86.54, 86.54, 84.44, 84.74, 49049.9971551001
10/09/12, 83.56, 85.33, 83.44, 84.32, 647099.962468202
10/08/12, 82.72, 83.89, 82.72, 83.74, 104849.9939187
10/04/12, 84.44, 84.44, 82.79, 83.28, 72899.9957718002
10/03/12, 84.44, 85.56, 82.79, 82.84, 86399.9949888002
10/02/12, 83.56, 83.56, 82.79, 82.89, 41399.9975988001
10/01/12, 83.22, 84.89, 82.90, 83.63, 319499.981469001
09/27/12, 81.67, 83.33, 81.58, 82.74, 140399.9918568
09/26/12, 81.79, 81.79, 81.47, 81.57, 154799.9910216
09/25/12, 81.67, 82.00, 81.56, 81.59, 141749.9917785
09/24/12, 81.22, 81.78, 81.22, 81.52, 110249.9936055
09/20/12, 82.22, 82.22, 81.11, 81.27, 43649.9974683001
09/19/12, 81.11, 82.11, 81.11, 81.97, 45899.9973378001
09/18/12, 81.00, 82.00, 80.56, 81.48, 153449.9910999
09/17/12, 79.22, 81.11, 79.22, 80.40, 140849.9918307
09/13/12, 78.31, 78.31, 77.33, 77.71, 55349.9967897001
09/12/12, 77.78, 78.33, 77.78, 77.97, 88649.9948583002
09/11/12, 77.99, 78.11, 77.67, 77.70, 54449.9968419001
09/10/12, 75.11, 78.11, 75.11, 77.78, 94049.9945451002
09/06/12, 78.56, 78.56, 76.67, 77.27, 68849.9960067002
09/05/12, 79.21, 79.21, 76.23, 77.81, 54899.9968158001
09/04/12, 77.22, 78.78, 76.67, 77.26, 40049.9976771001
09/03/12, 75.17, 76.11, 75.17, 76.09, 68399.9960328002
08/30/12, 75.11, 76.56, 75.11, 75.76, 30599.9982252001
08/29/12, 76.66, 77.11, 75.90, 76.89, 57149.9966853002
08/28/12, 75.56, 75.89, 75.56, 75.84, 29249.9983035001
08/27/12, 77.33, 77.33, 75.56, 76.32, 33299.9980686001
08/14/12, 75.00, 75.00, 74.44, 74.68, 67499.9960850002
08/13/12, 74.44, 74.78, 74.44, 74.48, 32399.9981208001
08/08/12, 71.89, 72.56, 71.89, 72.39, 25199.9985384001
08/07/12, 71.67, 72.22, 71.67, 72.10, 44549.9974161001
08/06/12, 71.33, 71.99, 71.33, 71.64, 22499.9986950001
08/02/12, 71.00, 72.22, 71.00, 71.61, 32849.9980947001
08/01/12, 70.68, 71.11, 70.67, 70.84, 39149.9977293001
07/30/12, 70.83, 71.11, 70.67, 70.72, 170999.990082
07/26/12, 72.08, 72.08, 71.19, 71.64, 35549.9979381001
07/25/12, 71.33, 72.21, 70.89, 71.03, 36449.9978859001
07/24/12, 71.33, 72.67, 70.00, 71.47, 39149.9977293001
07/23/12, 71.17, 71.94, 70.46, 71.43, 88649.9948583002
07/19/12, 74.33, 74.88, 72.90, 73.18, 45449.9973639001
07/18/12, 70.67, 74.46, 70.22, 73.58, 247049.985671101
07/17/12, 69.89, 70.89, 69.89, 70.66, 152999.991126
07/16/12, 70.78, 70.78, 68.89, 69.74, 104399.9939448
07/12/12, 67.22, 67.56, 66.89, 67.34, 39599.9977032001
07/11/12, 66.44, 67.67, 66.22, 66.96, 29249.9983035001
07/10/12, 66.88, 67.22, 66.44, 66.78, 53549.9968941001
07/09/12, 66.50, 67.00, 66.44, 66.61, 17099.9990082
07/05/12, 66.89, 66.89, 66.67, 66.79, 4049.99976510001
07/04/12, 66.28, 66.28, 66.11, 66.20, 6749.99960850002
07/02/12, 65.90, 65.90, 65.90, 65.90, 8999.99947800002
06/28/12, 67.21, 67.22, 66.11, 66.71, 95849.9944407002
06/27/12, 66.33, 67.22, 66.11, 66.70, 30599.9982252001
06/26/12, 66.22, 66.33, 65.89, 66.02, 9899.99942580002
06/25/12, 66.22, 67.22, 65.89, 66.30, 247949.985618901
06/21/12, 66.56, 66.67, 65.78, 66.23, 22499.9986950001
06/20/12, 65.73, 66.67, 65.73, 66.61, 23849.9986167001
06/19/12, 67.22, 67.22, 66.39, 66.63, 22049.9987211001
06/18/12, 67.11, 67.22, 66.56, 66.68, 196199.9886204
06/14/12, 65.33, 65.33, 65.33, 65.33, 1349.9999217
06/13/12, 64.78, 66.44, 64.78, 65.32, 5399.99968680001
06/12/12, 66.11, 66.11, 65.67, 66.04, 3149.99981730001
06/11/12, 65.33, 65.67, 65.33, 65.57, 8099.99953020002
06/07/12, 65.89, 66.44, 65.89, 66.27, 73349.9957457002
06/06/12, 66.11, 66.11, 65.78, 66.03, 14849.9991387
06/05/12, 65.78, 66.11, 65.78, 65.94, 11249.9993475
06/04/12, 65.62, 66.54, 65.61, 65.86, 30149.9982513001
05/31/12, 67.43, 67.44, 67.11, 67.24, 127349.9926137
05/30/12, 66.89, 66.89, 66.44, 66.64, 285299.983452601
05/29/12, 65.57, 67.11, 65.57, 66.83, 22949.9986689001
05/28/12, 66.77, 66.83, 66.56, 66.67, 8549.99950410002
05/24/12, 66.67, 66.78, 66.56, 66.66, 89549.9948061002
05/23/12, 66.44, 66.88, 66.11, 66.60, 43199.9974944001
05/22/12, 66.68, 66.68, 66.67, 66.67, 74249.9956935002
05/21/12, 66.67, 66.67, 66.67, 66.67, 10349.9993997
05/17/12, 66.67, 66.67, 66.67, 66.67, 5399.99968680001
05/16/12, 67.61, 67.61, 66.67, 66.71, 26099.9984862001
05/15/12, 67.22, 67.78, 67.22, 67.61, 80099.9953542002
05/14/12, 66.67, 67.11, 66.67, 66.67, 161099.9906562
05/10/12, 66.56, 67.33, 66.44, 67.11, 418049.975753101
05/09/12, 66.20, 66.67, 66.20, 66.63, 82349.9952237002
05/08/12, 65.89, 66.07, 65.84, 65.94, 32399.9981208001
05/07/12, 65.78, 66.67, 65.56, 66.37, 58949.9965809002
05/03/12, 65.99, 66.44, 65.02, 65.90, 59849.9965287002
05/02/12, 65.78, 66.33, 65.78, 65.97, 17999.998956
04/30/12, 65.56, 66.11, 65.56, 65.81, 11699.9993214
04/26/12, 65.56, 65.89, 64.78, 65.32, 40499.9976510001
04/25/12, 65.44, 66.11, 64.58, 66.01, 77849.9954847002
04/24/12, 65.56, 65.89, 65.00, 65.67, 63449.9963199002
04/23/12, 66.22, 66.22, 65.07, 65.50, 33749.9980425001
04/19/12, 64.46, 64.46, 63.44, 63.97, 74699.9956674002
04/18/12, 65.56, 65.56, 64.56, 65.42, 120149.9930313
04/17/12, 65.62, 65.78, 65.17, 65.64, 208349.987915701
04/16/12, 65.12, 65.72, 65.12, 65.62, 142199.9917524
04/12/12, 65.89, 66.00, 65.34, 65.54, 66599.9961372002
04/11/12, 65.00, 66.67, 64.78, 65.16, 76949.9955369002
04/10/12, 63.89, 64.11, 63.56, 63.62, 89999.9947800002
04/09/12, 63.33, 63.67, 63.24, 63.29, 38699.9977554001
04/05/12, 63.47, 63.91, 63.46, 63.76, 15749.9990865
04/04/12, 65.29, 65.29, 63.69, 63.81, 32399.9981208001
04/03/12, 64.44, 64.44, 63.89, 63.99, 79199.9954064002
04/02/12, 64.87, 64.87, 64.18, 64.23, 211049.987759101
03/29/12, 65.22, 65.22, 64.33, 64.97, 153449.9910999
03/28/12, 65.00, 65.44, 65.00, 65.17, 173699.9899254
03/27/12, 65.56, 65.78, 65.18, 65.24, 132299.9923266
03/22/12, 64.43, 66.32, 64.13, 65.68, 152549.9911521
03/21/12, 64.44, 65.00, 64.13, 64.41, 37799.9978076001
03/20/12, 64.44, 64.88, 64.44, 64.74, 80999.9953020002
03/19/12, 63.89, 64.56, 63.86, 64.10, 89549.9948061002
03/15/12, 67.78, 67.78, 65.48, 65.53, 350099.979694201
03/13/12, 70.22, 71.09, 70.22, 70.78, 308699.982095401
03/12/12, 71.43, 71.43, 70.56, 70.84, 169199.9901864
03/08/12, 69.57, 71.56, 69.57, 71.40, 376649.978154301
03/07/12, 71.00, 71.11, 70.50, 70.58, 125549.9927181
03/06/12, 69.78, 71.00, 69.78, 70.79, 154799.9910216
03/05/12, 71.67, 71.67, 69.44, 70.02, 146699.9914914
03/01/12, 71.11, 71.44, 68.89, 69.10, 175049.9898471
02/29/12, 66.72, 71.89, 66.72, 70.77, 116999.993214
02/28/12, 68.89, 68.89, 67.57, 68.68, 87299.9949366002
02/27/12, 66.33, 68.56, 66.33, 67.80, 40049.9976771001
02/23/12, 64.67, 66.37, 64.67, 65.70, 31049.9981991001
02/22/12, 64.28, 65.44, 64.28, 65.18, 85499.9950410002
02/20/12, 63.33, 63.33, 63.33, 63.33, 41849.9975727001
02/16/12, 63.34, 63.54, 62.91, 63.18, 4049.99976510001
02/15/12, 64.26, 64.26, 63.34, 63.96, 5399.99968680001
02/14/12, 63.33, 63.33, 61.78, 62.42, 4949.99971290001
02/13/12, 63.61, 63.61, 63.33, 63.33, 47699.9972334001
02/09/12, 59.78, 63.06, 59.78, 61.74, 32399.9981208001
02/08/12, 59.04, 60.56, 58.89, 59.37, 72449.9957979002
02/07/12, 56.67, 61.22, 56.67, 60.42, 71999.9958240002
02/06/12, 59.56, 59.67, 56.67, 58.14, 40499.9976510001
02/02/12, 60.01, 60.22, 60.01, 60.20, 4949.99971290001
02/01/12, 62.28, 62.28, 59.67, 60.19, 12149.9992953
01/31/12, 63.00, 63.00, 61.67, 62.28, 14399.9991648
01/30/12, 61.51, 64.77, 61.46, 62.88, 7199.99958240002
01/26/12, 63.33, 65.33, 63.33, 64.50, 112049.9935011
01/25/12, 61.46, 63.78, 61.46, 62.48, 4499.99973900001
01/24/12, 64.00, 64.44, 62.33, 63.07, 30149.9982513001
01/23/12, 64.46, 64.46, 64.00, 64.17, 20249.9988255
01/19/12, 66.67, 66.89, 65.67, 66.48, 33299.9980686001
01/18/12, 64.22, 64.56, 64.22, 64.36, 3599.99979120001
01/16/12, 65.78, 66.21, 64.44, 65.23, 42299.9975466001
01/12/12, 67.11, 67.11, 66.67, 66.93, 19349.9988777
01/11/12, 66.94, 67.67, 66.89, 67.39, 16649.9990343
01/10/12, 66.72, 66.78, 66.46, 66.74, 43649.9974683001
01/09/12, 68.33, 68.33, 66.13, 66.69, 310049.982017101
01/05/12, 69.17, 69.17, 68.67, 68.83, 28799.9983296001
01/04/12, 68.78, 69.33, 68.78, 68.99, 67049.9961111002
01/03/12, 68.68, 69.26, 68.67, 68.87, 33749.9980425001
01/02/12, 68.92, 68.92, 68.50, 68.81, 23399.9986428001
12/29/11, 69.44, 70.44, 69.00, 69.59, 153449.9910999
12/28/11, 69.22, 69.33, 67.78, 68.72, 230849.986610701
12/27/11, 67.72, 68.67, 67.72, 68.50, 89549.9948061002
12/26/11, 66.79, 67.89, 66.79, 67.24, 109349.9936577
12/22/11, 67.78, 67.78, 67.36, 67.68, 6749.99960850002
12/21/11, 67.22, 67.77, 67.17, 67.27, 36899.9978598001
12/20/11, 67.67, 67.78, 67.06, 67.31, 32399.9981208001
12/19/11, 67.78, 67.78, 67.00, 67.50, 20249.9988255
12/15/11, 67.22, 67.89, 67.22, 67.74, 61199.9964504002
12/14/11, 67.78, 68.33, 67.22, 67.66, 297899.982721801
12/13/11, 66.67, 67.67, 66.67, 67.38, 88649.9948583002
12/12/11, 66.67, 66.78, 66.44, 66.61, 13049.9992431
12/08/11, 66.67, 66.67, 66.67, 66.67, 31049.9981991001
12/07/11, 65.48, 67.33, 65.44, 66.12, 9899.99942580002
12/05/11, 66.67, 67.12, 66.33, 66.66, 98099.9943102002
12/01/11, 67.22, 67.89, 67.22, 67.59, 80999.9953020002
11/30/11, 66.67, 67.56, 66.67, 67.21, 36899.9978598001
11/29/11, 66.89, 67.00, 66.56, 66.67, 51749.9969985001
11/28/11, 65.78, 68.00, 65.68, 67.38, 112049.9935011
11/24/11, 67.44, 67.78, 67.23, 67.38, 17549.9989821
11/23/11, 68.33, 69.22, 66.67, 67.36, 195749.9886465
11/22/11, 67.78, 68.67, 67.56, 68.38, 120149.9930313
11/21/11, 67.28, 68.11, 67.28, 67.87, 39599.9977032001
11/17/11, 67.38, 68.38, 67.38, 68.04, 157049.9908911
11/16/11, 64.56, 67.77, 64.56, 66.82, 71099.9958762002
11/15/11, 64.44, 64.44, 63.06, 63.53, 102599.9940492
11/03/11, 66.66, 66.67, 65.72, 66.29, 17999.998956
11/02/11, 66.64, 67.33, 65.90, 66.48, 50399.9970768001
11/01/11, 64.22, 66.67, 64.12, 65.66, 15299.9991126
10/31/11, 65.11, 65.78, 64.00, 64.22, 51749.9969985001
10/27/11, 68.78, 68.86, 66.13, 67.07, 134549.9921961
10/26/11, 68.89, 69.78, 66.51, 67.97, 225899.986897801
10/25/11, 67.22, 67.22, 64.44, 66.00, 51749.9969985001
10/24/11, 66.78, 67.42, 66.44, 66.88, 38699.9977554001
10/20/11, 67.33, 67.67, 66.44, 67.16, 67949.9960589002
10/19/11, 63.57, 66.56, 63.57, 66.39, 17549.9989821
10/18/11, 65.00, 66.31, 64.78, 65.33, 63449.9963199002
10/17/11, 66.08, 66.08, 66.08, 66.08, 449.999973900001
10/13/11, 66.67, 66.78, 66.00, 66.28, 19349.9988777
10/12/11, 65.56, 66.72, 63.89, 66.21, 67499.9960850002
10/11/11, 64.27, 67.00, 64.27, 66.50, 79199.9954064002
10/10/11, 66.63, 67.20, 65.33, 66.87, 28349.9983557001
10/05/11, 66.67, 67.22, 65.99, 66.66, 35999.9979120001
10/04/11, 67.33, 67.33, 65.33, 65.98, 66149.9961633002
10/03/11, 67.89, 68.11, 66.90, 67.33, 27899.9983818001
09/29/11, 65.97, 69.89, 65.97, 68.30, 131399.9923788
09/28/11, 65.56, 66.86, 65.56, 66.22, 145349.9915697
09/27/11, 65.56, 66.88, 65.56, 66.48, 218249.987341501
09/26/11, 66.44, 67.14, 66.11, 66.63, 185849.9892207
09/22/11, 64.50, 65.71, 64.50, 65.07, 216899.987419801
09/21/11, 63.44, 65.61, 63.44, 65.19, 48149.9972073001
09/20/11, 64.78, 65.56, 64.78, 65.38, 49499.9971290001
09/19/11, 63.44, 66.11, 63.44, 65.51, 33749.9980425001
09/15/11, 65.77, 65.77, 64.48, 64.53, 68849.9960067002
09/14/11, 66.44, 66.44, 65.33, 65.77, 20699.9987994
09/13/11, 64.62, 66.67, 64.44, 66.33, 128249.9925615
09/12/11, 63.00, 66.30, 63.00, 65.52, 24299.9985906001
09/08/11, 65.59, 66.78, 65.11, 66.27, 35549.9979381001
09/07/11, 65.11, 66.30, 65.11, 66.07, 48149.9972073001
09/06/11, 64.67, 66.56, 64.67, 65.98, 170549.9901081
09/05/11, 65.33, 66.11, 65.11, 65.26, 33299.9980686001
08/25/11, 63.89, 66.50, 63.89, 65.56, 28349.9983557001
08/24/11, 65.56, 65.56, 64.00, 64.67, 31049.9981991001
08/23/11, 68.33, 68.67, 65.44, 65.71, 105299.9938926
08/18/11, 65.89, 66.67, 65.06, 65.54, 35549.9979381001
08/17/11, 64.67, 65.82, 64.46, 65.56, 31949.9981469001
08/16/11, 64.26, 67.00, 64.26, 65.47, 266399.984548801
08/11/11, 66.43, 67.11, 64.22, 64.63, 335699.980529401
08/10/11, 63.46, 66.67, 63.46, 64.51, 513899.970193801
08/09/11, 65.91, 66.67, 65.57, 65.98, 20249.9988255
08/08/11, 65.13, 66.69, 65.11, 66.42, 22499.9986950001
08/04/11, 66.11, 66.56, 65.58, 65.84, 82799.9951976002
08/03/11, 66.56, 66.67, 66.56, 66.57, 54449.9968419001
08/02/11, 66.12, 66.67, 66.12, 66.20, 64349.9962677002
08/01/11, 66.78, 67.22, 66.22, 66.91, 170099.9901342
07/28/11, 67.00, 69.22, 67.00, 67.70, 301499.982513001
07/27/11, 66.50, 68.22, 66.50, 67.56, 217349.987393701
07/26/11, 65.67, 67.00, 65.67, 66.41, 249749.985514501
07/25/11, 67.33, 67.78, 66.11, 66.78, 284849.983478701
07/21/11, 67.81, 68.89, 66.33, 66.94, 397799.976927601
07/20/11, 69.28, 69.28, 67.78, 67.99, 763199.955734402
07/19/11, 68.37, 69.67, 68.37, 68.52, 181349.9894817
07/14/11, 66.11, 71.56, 66.11, 68.84, 734399.957404802
07/13/11, 72.22, 72.22, 68.00, 70.53, 1188449.9310699
07/12/11, 72.44, 73.44, 72.33, 72.80, 315449.981703901
07/11/11, 72.78, 73.21, 71.78, 72.83, 191249.9889075
07/07/11, 72.21, 72.21, 71.56, 71.59, 232649.986506301
07/06/11, 72.00, 73.00, 71.72, 71.89, 262349.984783701
07/05/11, 71.89, 73.11, 71.56, 72.32, 391949.977266901
07/04/11, 69.11, 72.20, 69.00, 71.54, 449099.973952201
06/30/11, 67.28, 70.43, 67.28, 70.10, 504899.970715801
06/29/11, 67.78, 67.78, 66.67, 67.36, 266849.984522701
06/28/11, 66.56, 66.56, 66.01, 66.18, 107999.993736
06/27/11, 65.11, 66.66, 64.90, 66.03, 245249.985775501
06/23/11, 65.09, 65.09, 64.33, 64.66, 248399.985592801
06/22/11, 66.09, 66.09, 63.89, 63.91, 439649.974500301
06/21/11, 66.21, 66.21, 63.83, 64.06, 764549.955656102
06/20/11, 64.83, 64.83, 63.89, 64.10, 165599.9903952
06/16/11, 67.67, 67.67, 65.56, 65.58, 440999.974422001
06/15/11, 67.67, 68.11, 67.44, 67.67, 566549.967140101
06/14/11, 68.22, 68.44, 67.39, 67.69, 422099.975518201
06/13/11, 68.41, 69.21, 68.41, 68.88, 204299.988150601
06/09/11, 70.00, 70.43, 69.67, 70.23, 138599.9919612
06/08/11, 69.89, 70.56, 69.78, 69.94, 217349.987393701
06/07/11, 69.11, 70.77, 69.11, 70.43, 225449.986923901
06/06/11, 70.56, 70.67, 70.02, 70.42, 94049.9945451002
06/02/11, 69.78, 70.43, 69.16, 70.08, 120599.9930052
06/01/11, 69.89, 70.00, 68.89, 69.81, 170099.9901342
05/31/11, 69.11, 69.93, 69.11, 69.79, 128699.9925354
05/30/11, 69.24, 69.26, 68.67, 68.92, 102599.9940492
05/26/11, 68.32, 68.33, 66.91, 68.00, 77399.9955108002
05/25/11, 66.80, 68.22, 66.78, 67.72, 117449.9931879
05/24/11, 67.11, 67.78, 67.06, 67.43, 39599.9977032001
05/23/11, 66.33, 67.20, 66.33, 66.88, 127799.9925876
05/19/11, 68.78, 69.70, 68.78, 69.24, 70199.9959284002
05/18/11, 68.87, 69.44, 68.22, 68.81, 214649.987550301
05/16/11, 68.78, 69.11, 68.67, 68.74, 122849.9928747
05/12/11, 66.56, 68.56, 66.56, 68.29, 105749.9938665
05/11/11, 66.67, 67.33, 65.67, 67.21, 213749.987602501
05/10/11, 67.33, 67.56, 67.22, 67.23, 297899.982721801
05/09/11, 65.10, 66.89, 65.00, 66.71, 386099.977606201
05/05/11, 67.42, 67.42, 66.67, 66.67, 573749.966722501
05/04/11, 66.33, 66.67, 65.33, 66.30, 86399.9949888002
05/03/11, 66.36, 66.36, 65.56, 65.89, 223649.987028301
05/02/11, 65.56, 66.33, 65.56, 66.11, 127799.9925876
04/28/11, 68.11, 68.32, 65.11, 65.52, 144449.9916219
04/27/11, 63.36, 68.89, 63.33, 67.31, 313199.981834401
04/26/11, 66.68, 67.22, 65.24, 65.48, 137699.9920134
04/25/11, 66.11, 66.89, 65.67, 66.33, 178649.9896383
04/21/11, 67.22, 68.22, 66.89, 67.91, 155699.9909694
04/20/11, 67.94, 68.78, 67.78, 68.20, 99449.9942319002
04/19/11, 69.49, 69.94, 68.78, 68.87, 102149.9940753
04/18/11, 69.48, 70.33, 69.01, 69.46, 105749.9938665
04/13/11, 70.44, 71.22, 69.72, 69.96, 203849.9881767
04/12/11, 68.78, 71.00, 68.67, 70.12, 96299.9944146002
04/11/11, 71.57, 71.89, 69.11, 69.24, 229049.986715101
04/07/11, 71.67, 73.32, 71.67, 72.32, 564749.967244502
04/06/11, 73.78, 73.88, 71.68, 72.50, 173249.9899515
04/05/11, 72.78, 74.33, 71.79, 72.23, 186749.9891685
04/04/11, 73.28, 74.44, 72.23, 74.27, 417149.975805301
03/31/11, 72.11, 74.31, 72.11, 74.19, 915749.946886502
03/30/11, 70.62, 71.56, 70.33, 71.16, 325349.981129701
03/29/11, 71.44, 71.89, 70.61, 70.73, 338399.980372801
03/28/11, 68.91, 71.44, 68.91, 70.82, 476999.972334001
03/24/11, 71.78, 71.78, 69.56, 70.84, 373499.978337001
03/23/11, 71.12, 73.61, 71.12, 72.49, 517949.969958901
03/22/11, 71.67, 73.33, 71.37, 71.72, 345599.979955201
03/21/11, 72.22, 74.33, 70.68, 71.67, 907649.947356302
03/15/11, 78.88, 79.00, 76.78, 77.47, 1608749.9066925
03/14/11, 78.88, 79.89, 76.11, 77.92, 1955699.8865694
03/10/11, 76.22, 78.78, 74.58, 78.47, 1537199.9108424
03/09/11, 75.43, 76.11, 73.89, 75.18, 715049.958527102
03/08/11, 73.00, 75.44, 72.24, 74.57, 606149.964843302
03/07/11, 70.54, 76.00, 70.54, 72.26, 938699.945555402
03/03/11, 64.44, 67.54, 62.90, 67.08, 174599.9898732
03/02/11, 68.86, 68.87, 63.44, 64.02, 264149.984679301
03/01/11, 64.78, 65.68, 63.22, 65.68, 135899.9921178
02/28/11, 65.33, 65.33, 60.56, 61.10, 211949.987706901
02/24/11, 69.44, 69.44, 67.83, 68.51, 188099.9890902
02/23/11, 67.78, 70.89, 67.22, 69.11, 369449.978571901
02/22/11, 73.22, 73.31, 68.89, 69.42, 382499.977815001
02/15/11, 62.22, 66.50, 58.89, 66.36, 769499.955369002
02/14/11, 63.44, 65.00, 61.84, 61.87, 421649.975544301
02/10/11, 70.22, 73.89, 70.22, 71.43, 187649.9891163
02/09/11, 76.72, 76.72, 72.22, 72.93, 267299.984496601
02/08/11, 72.33, 77.10, 71.22, 76.57, 305999.982252001
02/07/11, 70.00, 74.31, 66.58, 72.23, 852749.950540502
02/03/11, 76.46, 76.67, 73.89, 75.10, 486899.971759801
02/02/11, 76.33, 77.89, 75.90, 77.04, 308249.982121501
02/01/11, 77.77, 77.77, 75.79, 76.90, 326249.981077501
01/31/11, 78.22, 79.00, 77.23, 77.70, 460349.973299701
01/27/11, 81.78, 81.78, 77.92, 78.17, 711899.958709802
01/26/11, 80.00, 81.67, 78.14, 81.04, 1439099.9165322
01/25/11, 77.22, 77.72, 76.56, 77.67, 1984499.884899
01/20/11, 72.23, 74.00, 72.22, 72.30, 114299.9933706
01/19/11, 76.43, 76.43, 74.44, 75.28, 851399.950618802
01/18/11, 75.01, 75.94, 74.67, 75.01, 800549.953568102
01/17/11, 72.70, 75.56, 72.70, 74.99, 778499.954847002
01/13/11, 75.00, 75.56, 73.34, 75.08, 1232999.928486
01/12/11, 77.22, 77.22, 72.90, 74.33, 945899.945137802
01/11/11, 68.89, 72.54, 68.89, 72.54, 265949.984574901
01/10/11, 70.78, 70.89, 61.22, 63.09, 233999.986428001
01/06/11, 77.78, 77.78, 72.44, 73.58, 352799.979537601
01/05/11, 76.33, 76.33, 74.68, 75.84, 171449.9900559
01/04/11, 77.44, 78.22, 76.11, 76.41, 314099.981782201
01/03/11, 78.02, 78.77, 77.24, 77.56, 257849.985044701
12/30/10, 80.33, 81.00, 78.67, 79.61, 447299.974056601
12/29/10, 79.11, 80.00, 77.56, 79.50, 665549.961398102
12/28/10, 75.67, 79.96, 75.67, 77.49, 1319849.9234487
12/27/10, 76.68, 77.22, 75.56, 76.19, 566549.967140101
12/23/10, 78.22, 80.77, 77.22, 77.52, 593549.965574101
12/22/10, 80.33, 81.00, 78.03, 78.66, 278999.983818001
12/21/10, 77.78, 80.22, 76.78, 79.82, 643049.962703102
12/20/10, 77.78, 80.00, 75.79, 77.03, 1527299.9114166
12/15/10, 78.79, 80.00, 77.61, 78.21, 742049.956961102
12/14/10, 80.78, 81.00, 78.89, 79.10, 819449.952471902
12/13/10, 80.01, 81.33, 78.33, 78.83, 1079549.9373861
12/09/10, 82.22, 83.71, 79.89, 81.83, 992699.942423402
12/08/10, 82.22, 82.67, 79.67, 80.89, 886499.948583002
12/07/10, 83.22, 83.33, 81.37, 82.37, 430199.975048401
12/06/10, 85.22, 85.22, 82.44, 82.82, 542249.968549501
12/02/10, 83.33, 83.94, 82.46, 83.21, 657449.961867902
12/01/10, 83.89, 84.88, 83.64, 84.01, 689399.960014802
11/30/10, 83.50, 84.44, 83.50, 83.69, 356849.979302701
11/29/10, 84.22, 84.39, 83.57, 83.79, 345149.979981301
11/25/10, 87.11, 87.11, 84.69, 84.87, 569249.966983502
11/24/10, 86.13, 87.00, 84.44, 85.58, 1289249.9252235
11/23/10, 85.52, 86.98, 83.62, 85.81, 1539449.9107119
11/22/10, 85.56, 86.84, 83.89, 84.50, 973349.943545702
11/15/10, 84.67, 87.10, 84.59, 86.34, 723149.958057302
11/11/10, 83.44, 87.66, 83.33, 87.20, 2205899.87205781
11/10/10, 83.33, 84.33, 83.11, 83.39, 715949.958474902
11/09/10, 84.10, 84.10, 83.01, 83.14, 484649.971890301
11/08/10, 84.11, 84.22, 83.06, 83.18, 574649.966670301
11/04/10, 85.22, 85.56, 83.50, 83.84, 472049.972621101
11/03/10, 85.94, 85.94, 84.56, 84.84, 642149.962755302
11/02/10, 83.00, 86.00, 82.78, 85.34, 1729799.8996716
11/01/10, 83.44, 83.66, 82.78, 82.92, 890999.948322002
10/28/10, 85.00, 85.00, 82.94, 84.27, 1048049.9392131
10/27/10, 84.44, 84.50, 83.33, 83.57, 966599.943937202
10/26/10, 85.42, 86.00, 84.22, 84.40, 1176749.9317485
10/25/10, 83.22, 85.33, 82.96, 84.50, 1303199.9244144
10/21/10, 83.89, 83.89, 82.80, 82.98, 954899.944615802
10/20/10, 83.33, 85.33, 83.11, 83.62, 774899.955055802
10/19/10, 83.36, 85.56, 82.89, 83.56, 870749.949496502
10/18/10, 85.44, 85.44, 82.78, 83.71, 2275649.86801231
10/14/10, 87.11, 87.11, 85.02, 85.43, 1285649.9254323
10/13/10, 87.67, 87.67, 85.80, 86.09, 1178999.931618
10/12/10, 87.67, 87.89, 86.00, 86.49, 1568699.9090154
10/11/10, 85.56, 87.08, 84.44, 86.10, 2042549.8815321
10/07/10, 89.89, 91.11, 87.80, 88.46, 4162049.75860111
10/06/10, 84.44, 90.22, 83.89, 89.32, 5868449.65962992
10/05/10, 81.11, 85.00, 80.56, 83.92, 5122799.70287761
10/04/10, 79.44, 80.94, 78.73, 79.98, 3717449.78438791
09/30/10, 78.67, 78.88, 77.23, 77.49, 1584449.9081019
09/29/10, 77.78, 78.91, 77.33, 77.68, 1092149.9366553
09/28/10, 79.44, 80.44, 77.44, 77.83, 2113199.87743441
09/27/10, 77.44, 79.33, 76.57, 79.18, 2289599.86720321
09/23/10, 77.33, 78.54, 75.89, 76.43, 1084499.937099
09/22/10, 77.78, 79.00, 77.00, 77.40, 1142099.9337582
09/21/10, 78.54, 80.33, 78.54, 79.04, 2599199.84924641
09/20/10, 75.46, 78.44, 75.33, 78.17, 2127149.87662531
09/16/10, 75.44, 76.11, 75.11, 75.61, 644849.962598702
09/15/10, 77.44, 77.44, 75.70, 75.88, 927899.946181802
09/14/10, 74.78, 76.88, 74.78, 76.34, 929249.946103502
09/13/10, 74.46, 76.00, 74.46, 75.42, 356849.979302701
09/08/10, 75.56, 76.11, 75.22, 75.68, 979649.943180302
09/06/10, 75.56, 76.51, 75.00, 76.27, 1320299.9234226
09/02/10, 75.78, 77.22, 75.40, 76.03, 856349.950331702
08/31/10, 74.56, 76.89, 74.56, 75.46, 719099.958292202
08/30/10, 77.67, 78.67, 75.47, 76.02, 1253699.9272854
08/26/10, 77.67, 77.67, 75.24, 75.68, 952199.944772402
08/25/10, 78.33, 78.67, 75.44, 75.89, 2231549.87057011
08/24/10, 79.50, 79.89, 78.78, 79.01, 1673099.9029602
08/23/10, 81.11, 81.11, 79.56, 79.87, 2866049.83376911
08/19/10, 80.21, 81.56, 79.46, 80.04, 3162149.81659531
08/18/10, 77.11, 80.00, 76.44, 79.53, 4580549.73432811
08/17/10, 76.78, 77.44, 75.69, 76.08, 2950199.82888841
08/16/10, 76.89, 77.78, 75.67, 76.07, 2121749.8769385
08/12/10, 76.22, 78.33, 75.69, 76.82, 3414599.80195321
08/11/10, 75.00, 77.10, 75.00, 76.14, 1941299.8874046
08/10/10, 73.89, 78.33, 72.78, 75.27, 5363549.68891411
08/09/10, 72.22, 73.44, 71.11, 72.76, 1961999.886204
08/05/10, 74.43, 74.43, 72.78, 73.02, 1399499.918829
08/04/10, 73.67, 74.44, 73.00, 73.54, 1743749.8988625
08/03/10, 73.33, 73.89, 72.72, 72.96, 2010599.8833852
08/02/10, 72.57, 73.89, 72.57, 72.76, 1687499.902125
07/29/10, 74.44, 75.44, 73.89, 74.16, 2215349.87150971
07/27/10, 74.44, 76.67, 74.44, 74.66, 4362299.74698661
07/26/10, 72.67, 74.44, 71.78, 73.66, 2282399.86762081
07/22/10, 72.78, 74.44, 71.67, 72.88, 3648599.78838121
07/21/10, 74.44, 74.88, 72.46, 73.29, 2702699.84324341
07/20/10, 72.00, 75.00, 71.57, 74.33, 4799699.72161741
07/19/10, 69.99, 72.22, 69.56, 71.29, 5494949.68129291
07/15/10, 68.11, 69.11, 67.58, 68.33, 1802699.8954434
07/14/10, 70.11, 70.67, 68.33, 68.99, 4663349.72952571
07/13/10, 70.89, 70.89, 69.46, 70.13, 4937849.71360471
07/12/10, 70.53, 71.11, 70.00, 70.31, 3236399.81228881
07/08/10, 66.89, 69.44, 65.01, 68.91, 7473149.56655732
07/07/10, 63.22, 66.89, 62.68, 66.42, 6241499.63799302
07/06/10, 62.89, 63.33, 61.67, 62.61, 4297049.75077111
07/05/10, 59.11, 63.21, 58.39, 62.61, 6073649.64772832
06/30/10, 58.99, 59.00, 58.00, 58.44, 1106549.9358201
06/29/10, 58.01, 59.44, 58.00, 58.62, 1735199.8993584
06/28/10, 58.01, 58.33, 57.81, 57.94, 779849.954768702
06/24/10, 57.84, 58.54, 57.78, 58.30, 789749.954194502
06/23/10, 58.56, 59.20, 57.81, 57.99, 997199.942162402
06/22/10, 57.79, 58.56, 57.69, 58.12, 1229399.9286948
06/21/10, 58.44, 58.78, 57.67, 57.72, 979199.943206402
06/17/10, 59.11, 60.04, 58.67, 59.80, 2637899.84700181
06/16/10, 59.89, 61.22, 58.89, 59.11, 3052349.82296371
06/15/10, 58.22, 59.78, 58.02, 59.37, 2702699.84324341
06/14/10, 58.00, 58.44, 57.41, 57.93, 1182599.9314092
06/10/10, 58.21, 58.21, 56.78, 57.08, 2284199.86751641
06/09/10, 58.43, 58.43, 57.36, 57.53, 1293749.9249625
06/08/10, 58.00, 58.32, 57.44, 57.79, 974249.943493502
06/07/10, 58.11, 58.54, 57.27, 57.41, 1462499.915175
06/03/10, 58.32, 58.33, 57.61, 57.76, 1497599.9131392
06/02/10, 58.78, 59.32, 57.59, 57.79, 1129049.9345151
06/01/10, 57.33, 58.67, 57.33, 58.07, 1568249.9090415
05/31/10, 58.01, 58.27, 57.22, 57.30, 1902599.8896492
05/26/10, 58.33, 59.11, 57.56, 58.23, 1489949.9135829
05/25/10, 58.17, 60.11, 58.00, 58.39, 1496249.9132175
05/24/10, 60.33, 61.22, 58.89, 59.14, 2497499.85514501
05/20/10, 61.56, 63.33, 61.44, 62.32, 3975299.76943261
05/19/10, 60.56, 61.11, 59.06, 60.74, 3701699.78530141
05/18/10, 59.00, 61.09, 57.68, 60.26, 5495849.68124071
05/17/10, 57.44, 59.51, 57.22, 57.76, 4080599.76332521
05/13/10, 55.88, 55.88, 54.47, 54.81, 964799.944041602
05/12/10, 56.33, 57.11, 54.44, 54.96, 2226599.87085721
05/11/10, 54.99, 56.44, 54.12, 56.23, 2492099.85545821
05/10/10, 55.22, 55.22, 53.00, 53.87, 1989899.8845858
05/06/10, 55.11, 55.22, 54.12, 54.23, 1070549.9379081
05/05/10, 54.44, 55.54, 54.22, 54.80, 2662199.84559241
05/04/10, 52.22, 54.44, 52.22, 53.86, 2621699.84794141
05/03/10, 52.22, 52.22, 51.17, 51.91, 687599.960119202
04/29/10, 52.78, 52.78, 51.78, 51.93, 1225349.9289297
04/28/10, 52.11, 53.00, 51.89, 52.59, 1216799.9294256
04/27/10, 52.22, 52.33, 51.67, 51.89, 707849.958944702
04/26/10, 52.44, 52.67, 51.57, 51.82, 1400399.9187768
04/22/10, 53.22, 53.78, 52.79, 53.01, 1475549.9144181
04/21/10, 51.67, 53.00, 51.56, 52.57, 1435049.9167671
04/20/10, 51.69, 52.22, 51.67, 51.71, 827549.952002102
04/19/10, 51.50, 52.00, 51.50, 51.73, 792449.954037902
04/15/10, 52.47, 52.49, 51.62, 51.88, 1304099.9243622
04/13/10, 51.79, 52.71, 51.36, 52.18, 1439099.9165322
04/12/10, 52.44, 52.56, 51.33, 51.46, 1027799.9403876
04/08/10, 52.78, 53.78, 52.67, 53.46, 974249.943493502
04/07/10, 51.11, 52.67, 50.82, 52.30, 822599.952289202
04/06/10, 53.19, 53.20, 51.00, 51.23, 1040849.9396307
04/05/10, 53.89, 53.99, 52.89, 53.03, 946799.945085602
04/01/10, 54.50, 54.78, 53.98, 54.26, 688499.960067002
03/31/10, 54.89, 55.11, 53.98, 54.19, 682199.960432402
03/30/10, 55.33, 56.00, 54.58, 54.64, 1247399.9276508
03/29/10, 57.22, 57.22, 54.58, 54.87, 2286449.86738591
03/22/10, 59.33, 59.78, 59.00, 59.28, 2000249.8839855
03/18/10, 61.50, 61.89, 59.83, 59.99, 2077649.87949631
03/16/10, 58.67, 61.11, 58.67, 60.77, 3674249.78689351
03/15/10, 58.33, 59.11, 56.67, 58.27, 2432249.85892951
03/11/10, 58.89, 59.43, 57.11, 57.28, 1991249.8845075
03/10/10, 57.56, 58.87, 57.56, 58.56, 865349.949809702
03/09/10, 58.11, 58.33, 57.28, 57.46, 828899.951923802
03/08/10, 59.11, 59.11, 57.89, 57.96, 1050749.9390565
03/04/10, 59.78, 59.89, 59.11, 59.17, 970199.943728402
03/03/10, 59.44, 60.00, 59.00, 59.41, 1179899.9315658
03/02/10, 58.22, 59.89, 58.02, 59.07, 1083599.9371512
03/01/10, 58.12, 58.61, 57.33, 57.84, 1060199.9385084
02/25/10, 59.72, 60.32, 59.00, 59.28, 1016549.9410401
02/24/10, 59.99, 60.78, 58.89, 59.63, 1879199.8910064
02/23/10, 60.89, 60.89, 58.78, 59.28, 1987199.8847424
02/22/10, 62.78, 62.78, 60.00, 60.29, 1937699.8876134
02/18/10, 60.00, 61.89, 58.00, 61.46, 3239999.81208001
02/17/10, 62.22, 63.00, 59.81, 60.60, 2638799.84694961
02/16/10, 63.33, 63.67, 62.11, 62.36, 2231099.87059621
02/15/10, 63.78, 64.11, 62.78, 63.30, 2511899.85430981
02/11/10, 62.78, 63.99, 61.91, 63.14, 2738699.84115541
02/10/10, 63.11, 64.11, 61.83, 62.92, 2848949.83476091
02/09/10, 60.00, 62.78, 59.44, 62.50, 4135949.76011491
02/08/10, 60.00, 60.00, 59.00, 59.30, 2064149.88027931
02/04/10, 56.11, 57.50, 55.22, 57.27, 3026699.82445141
02/03/10, 57.78, 58.11, 55.67, 55.89, 3220649.81320231
02/02/10, 53.89, 57.67, 53.89, 57.16, 3652199.78817241
02/01/10, 53.80, 54.67, 53.80, 54.18, 2007899.8835418
01/28/10, 54.00, 55.08, 54.00, 54.98, 2476349.85637171
01/27/10, 53.11, 54.44, 53.02, 54.13, 2360699.86307941
01/26/10, 51.94, 53.22, 51.94, 52.77, 2383199.86177441
01/25/10, 51.34, 52.56, 51.34, 52.42, 2440799.85843361
01/21/10, 50.56, 52.21, 50.56, 51.86, 3113999.81938801
01/20/10, 50.01, 50.89, 50.00, 50.77, 1694249.9017335
01/19/10, 50.00, 50.33, 49.60, 49.71, 1200599.9303652
01/18/10, 50.06, 50.33, 49.57, 49.90, 1076849.9375427
01/14/10, 50.54, 51.09, 50.00, 50.61, 2730599.84162521
01/13/10, 51.06, 51.66, 48.67, 49.61, 3989249.76862351
01/12/10, 50.02, 51.21, 49.78, 50.78, 2011049.8833591
01/11/10, 50.39, 50.97, 49.44, 50.09, 2075849.8796007
01/07/10, 48.89, 50.00, 48.56, 49.81, 2947949.82901891
01/06/10, 48.17, 49.89, 48.17, 48.94, 2830049.83585711
01/05/10, 47.17, 48.11, 46.68, 47.82, 2273849.86811671
01/04/10, 47.79, 48.21, 46.94, 47.18, 2385449.86164391
12/30/09, 44.00, 45.56, 43.89, 45.49, 3122999.81886601
12/29/09, 43.80, 44.56, 43.80, 44.01, 1490399.9135568
12/24/09, 44.33, 44.41, 43.67, 43.77, 1433249.9168715
12/23/09, 44.44, 44.62, 43.67, 44.23, 2529899.85326581
12/22/09, 44.83, 44.94, 44.11, 44.33, 1937249.8876395
12/21/09, 43.99, 44.44, 43.69, 44.38, 2544749.85240451
12/17/09, 43.27, 44.11, 42.96, 43.53, 2059199.8805664
12/15/09, 43.78, 43.78, 42.79, 42.96, 1469249.9147835
12/14/09, 43.69, 43.89, 43.11, 43.40, 1859849.8921287
12/10/09, 43.56, 44.43, 43.00, 43.46, 3215699.81348941
12/09/09, 42.72, 43.83, 42.67, 43.56, 2663099.84554021
12/08/09, 42.23, 42.71, 41.22, 42.29, 2657699.84585341
12/07/09, 40.99, 43.02, 40.99, 42.02, 6531299.62118462
12/03/09, 40.67, 41.10, 40.01, 40.31, 2148299.87539861
12/02/09, 39.11, 40.61, 39.11, 40.51, 3334049.80662511
12/01/09, 38.88, 39.74, 38.83, 39.38, 1741499.898993
11/26/09, 38.56, 39.41, 38.34, 38.74, 1760399.8978968
11/25/09, 38.44, 39.17, 38.02, 38.81, 1937249.8876395
11/24/09, 38.54, 38.67, 37.89, 38.29, 1586249.9079975
11/23/09, 36.71, 38.42, 36.71, 38.29, 1850849.8926507
11/19/09, 36.66, 37.33, 36.66, 37.10, 765899.955577802
11/18/09, 37.28, 37.34, 36.68, 36.97, 750149.956491302
11/17/09, 38.22, 38.22, 37.23, 37.40, 1155599.9329752
11/16/09, 37.56, 38.33, 36.92, 37.91, 1379699.9199774
11/12/09, 36.79, 36.79, 35.56, 35.93, 1538549.9107641
11/11/09, 37.79, 37.79, 36.78, 37.06, 2515949.85407491
11/10/09, 38.00, 38.38, 37.82, 37.87, 1638449.9049699
11/09/09, 38.00, 38.89, 38.00, 38.09, 1677149.9027253
11/05/09, 39.44, 39.44, 38.56, 38.91, 2886749.83256851
11/04/09, 40.83, 41.11, 39.14, 39.36, 4435649.74273231
11/03/09, 38.88, 41.00, 38.42, 40.27, 5078249.70546151
11/02/09, 38.74, 39.22, 38.00, 38.30, 3353849.80547671
10/29/09, 35.56, 36.67, 35.47, 36.44, 2032199.88213241
10/28/09, 35.56, 35.83, 35.39, 35.50, 883349.948765702
10/27/09, 35.67, 36.07, 35.59, 35.72, 769049.955395102
10/26/09, 35.72, 36.11, 35.56, 35.87, 1146149.9335233
10/22/09, 37.22, 37.33, 35.67, 36.02, 1133999.934228
10/21/09, 36.11, 37.22, 35.89, 36.46, 2922299.83050661
10/20/09, 35.78, 36.11, 35.12, 35.57, 1432349.9169237
10/19/09, 35.78, 36.00, 35.11, 35.18, 1292399.9250408
10/15/09, 37.00, 37.00, 35.67, 35.97, 1899899.8898058
10/14/09, 36.67, 37.78, 36.38, 36.69, 3080699.82131941
10/13/09, 35.72, 36.56, 35.72, 36.41, 1799099.8956522
10/12/09, 36.00, 36.06, 35.00, 35.43, 1879649.8909803
10/08/09, 36.09, 37.08, 36.09, 36.60, 2259899.86892581
10/07/09, 37.71, 37.78, 35.56, 35.78, 2907899.83134181
10/06/09, 35.44, 37.56, 35.00, 37.43, 4044149.76543931
10/05/09, 36.19, 36.19, 34.57, 35.14, 2293199.86699441
10/01/09, 32.64, 34.76, 32.51, 34.39, 5124599.70277321
09/30/09, 32.22, 32.67, 31.87, 32.29, 1129949.9344629
09/29/09, 32.78, 33.11, 32.56, 32.62, 1821149.8943733
09/17/09, 31.92, 32.44, 31.72, 31.82, 1096649.9363943
09/16/09, 31.71, 32.22, 31.61, 32.11, 991799.942475602
09/15/09, 31.56, 31.67, 31.52, 31.58, 731249.957587502
09/14/09, 31.28, 31.86, 31.28, 31.57, 1051649.9390043
09/10/09, 31.56, 32.22, 31.44, 31.82, 1685249.9022555
09/09/09, 30.68, 31.44, 30.68, 31.33, 1139399.9339148
09/08/09, 30.59, 30.93, 30.59, 30.73, 618749.964112502
09/07/09, 30.78, 30.91, 30.58, 30.59, 1084499.937099
09/03/09, 31.59, 31.62, 31.06, 31.20, 1099799.9362116
09/02/09, 31.06, 31.57, 31.02, 31.29, 989549.942606102
09/01/09, 30.83, 31.09, 30.56, 30.86, 574199.966696402
08/31/09, 31.24, 31.48, 30.56, 30.70, 700649.959362302
08/27/09, 31.13, 31.56, 30.67, 30.73, 1718549.9003241
08/26/09, 32.00, 32.22, 31.24, 31.39, 1482299.9140266
08/25/09, 32.39, 32.50, 31.69, 31.80, 1720349.9002197
08/24/09, 32.67, 32.88, 32.11, 32.23, 1634399.9052048
08/20/09, 32.21, 33.83, 31.56, 33.58, 3432149.80093531
08/19/09, 31.67, 33.00, 31.33, 32.18, 3807899.77914181
08/18/09, 30.42, 31.78, 30.23, 31.39, 3915449.77290391
08/17/09, 29.56, 30.33, 29.56, 30.16, 1922399.8885008
08/12/09, 29.33, 29.67, 29.33, 29.39, 729899.957665802
08/11/09, 29.83, 29.83, 29.36, 29.40, 713699.958605402
08/10/09, 29.66, 29.83, 29.39, 29.69, 1009349.9414577
08/06/09, 29.20, 29.28, 28.94, 29.10, 851399.950618802
08/05/09, 29.18, 29.60, 28.90, 29.01, 1207799.9299476
08/04/09, 29.72, 30.11, 29.33, 29.40, 1386449.9195859
08/03/09, 30.33, 30.33, 29.44, 29.52, 1419749.9176545
07/30/09, 29.10, 29.89, 28.83, 29.64, 1920149.8886313
07/29/09, 29.78, 29.78, 29.08, 29.13, 1233899.9284338
07/28/09, 28.56, 29.52, 28.56, 29.34, 1460249.9153055
07/27/09, 29.00, 29.11, 28.47, 28.96, 2101949.87808691
07/23/09, 28.47, 28.67, 28.22, 28.58, 1505249.9126955
07/22/09, 27.72, 28.44, 27.46, 28.33, 1672199.9030124
07/21/09, 27.78, 28.00, 27.44, 27.62, 1621349.9059617
07/20/09, 28.11, 28.30, 27.61, 27.81, 1565549.9091981
07/16/09, 28.89, 29.27, 28.56, 28.79, 2760749.83987651
07/15/09, 27.56, 29.11, 27.46, 28.43, 6593849.61755672
07/14/09, 27.56, 27.78, 27.00, 27.36, 1520099.9118342
07/13/09, 28.67, 28.71, 27.58, 27.64, 2044349.8814277
07/09/09, 26.11, 26.67, 25.91, 26.52, 1684349.9023077
07/08/09, 26.56, 26.67, 25.73, 25.99, 1908449.8893099
07/07/09, 26.11, 26.67, 26.11, 26.43, 1896299.8900146
07/06/09, 26.22, 26.78, 25.79, 26.37, 1949849.8869087
07/02/09, 25.56, 25.67, 24.89, 25.49, 2548799.85216961
06/30/09, 24.86, 25.21, 24.46, 24.82, 1493999.913348
06/29/09, 24.11, 25.00, 24.11, 24.88, 1807199.8951824
06/25/09, 23.83, 24.10, 23.57, 23.70, 863099.949940202
06/24/09, 23.67, 24.08, 23.67, 23.80, 1248749.9275725
06/23/09, 23.44, 24.03, 23.44, 23.78, 1558799.9095896
06/22/09, 23.39, 23.76, 23.39, 23.58, 1496699.9131914
06/18/09, 23.33, 23.44, 22.91, 23.22, 1602449.9070579
06/17/09, 23.42, 23.44, 22.98, 23.00, 1178099.9316702
06/16/09, 23.59, 23.87, 23.22, 23.27, 1225349.9289297
06/15/09, 23.67, 24.11, 23.47, 23.82, 1493099.9134002
06/11/09, 22.89, 23.11, 22.56, 22.64, 1019249.9408835
06/10/09, 23.53, 23.87, 22.78, 22.87, 1409399.9182548
06/09/09, 22.98, 23.33, 22.68, 23.24, 2450699.85785941
06/08/09, 22.33, 22.83, 22.11, 22.67, 2105099.8779042
06/04/09, 22.42, 22.44, 22.00, 22.09, 942299.945346602
06/03/09, 22.22, 22.56, 22.13, 22.18, 565199.967218401
06/02/09, 21.79, 22.53, 21.70, 22.31, 1493549.9133741
06/01/09, 21.67, 21.97, 21.67, 21.77, 846449.950905902
05/28/09, 22.10, 22.11, 21.67, 21.69, 1238849.9281467
05/27/09, 22.21, 22.21, 21.78, 21.79, 1503899.9127738
05/26/09, 22.22, 22.43, 21.90, 22.03, 1545299.9103726
05/25/09, 22.32, 22.32, 22.17, 22.21, 1136699.9340714
05/21/09, 22.77, 22.77, 21.98, 22.09, 937799.945607602
05/20/09, 22.78, 23.00, 22.23, 22.40, 1265399.9266068
05/19/09, 21.89, 23.00, 21.69, 22.61, 1212299.9296866
05/18/09, 22.21, 22.44, 21.67, 21.80, 1710449.9007939
05/14/09, 23.26, 23.26, 22.56, 22.68, 1088099.9368902
05/13/09, 23.03, 23.46, 22.90, 23.00, 710099.958814202
05/12/09, 23.17, 23.51, 23.02, 23.18, 1265399.9266068
05/11/09, 22.94, 23.06, 22.84, 22.89, 912599.947069202
05/07/09, 23.51, 23.74, 22.57, 22.73, 1710899.9007678
05/06/09, 23.33, 24.06, 23.33, 23.47, 1037249.9398395
05/05/09, 24.44, 24.78, 23.34, 23.42, 2823749.83622251
04/28/09, 28.37, 28.56, 27.73, 27.94, 2027249.88241951
04/27/09, 28.44, 28.94, 28.22, 28.47, 1591199.9077104
04/23/09, 28.89, 29.11, 28.47, 28.58, 1367549.9206821
04/22/09, 28.22, 29.43, 28.22, 28.89, 2134349.8762077
04/21/09, 28.48, 28.78, 28.22, 28.34, 2644649.84661031
04/20/09, 30.00, 30.00, 28.56, 28.82, 3470399.79871681
04/16/09, 24.78, 25.38, 24.78, 25.23, 2812499.83687501
04/15/09, 24.11, 25.00, 24.11, 24.69, 1832399.8937208
04/13/09, 24.39, 24.56, 24.12, 24.20, 1155149.9330013
04/09/09, 24.71, 24.72, 24.09, 24.13, 1132649.9343063
04/08/09, 24.89, 24.89, 23.89, 24.20, 1102049.9360811
04/07/09, 25.39, 25.44, 24.67, 24.87, 1114199.9353764
04/06/09, 25.54, 25.67, 24.83, 25.03, 2476349.85637171
04/02/09, 24.00, 24.39, 23.89, 24.03, 1061999.938404
04/01/09, 23.78, 24.00, 23.53, 23.76, 1168649.9322183
03/31/09, 23.89, 24.11, 23.62, 23.69, 640349.962859702
03/30/09, 23.56, 24.00, 23.11, 23.82, 656549.961920102
03/25/09, 24.11, 24.56, 23.87, 23.93, 1153349.9331057
03/24/09, 23.61, 24.72, 23.61, 24.14, 1188449.9310699
03/23/09, 24.44, 24.72, 24.09, 24.17, 1119599.9350632
03/19/09, 25.43, 25.66, 24.90, 25.02, 1456199.9155404
03/18/09, 25.43, 25.66, 24.90, 25.02, 1456199.9155404
03/17/09, 25.89, 25.89, 25.00, 25.23, 1970549.8857081
03/16/09, 26.33, 26.44, 25.63, 25.71, 1875149.8912413
03/12/09, 25.94, 26.06, 25.56, 25.97, 3092849.82061471
03/11/09, 25.54, 26.10, 25.28, 25.57, 2874599.83327321
03/09/09, 25.23, 25.71, 25.11, 25.23, 2146499.87550301
03/05/09, 26.10, 26.33, 25.64, 25.79, 3333149.80667731
03/04/09, 25.11, 25.78, 25.11, 25.73, 3802049.77948111
03/03/09, 24.89, 25.16, 24.76, 24.96, 1571399.9088588
03/02/09, 25.33, 25.33, 24.83, 24.89, 1736999.899254
02/26/09, 24.99, 25.00, 24.27, 24.49, 2360249.86310551
02/25/09, 25.33, 25.33, 24.34, 24.81, 3480299.79814261
02/24/09, 25.19, 25.33, 24.56, 24.88, 2964149.82807931
02/23/09, 26.44, 26.44, 24.78, 25.01, 3372749.80438051
02/19/09, 24.22, 24.37, 23.96, 24.03, 1957049.8864911
02/18/09, 24.21, 24.44, 24.11, 24.14, 2707199.84298241
02/17/09, 23.56, 24.22, 23.56, 24.01, 1998899.8840638
02/16/09, 23.87, 23.87, 23.34, 23.66, 1380149.9199513
02/12/09, 21.94, 22.84, 21.94, 22.56, 1128149.9345673
02/11/09, 22.41, 22.74, 21.34, 21.61, 1067399.9380908
02/10/09, 21.90, 22.71, 21.89, 22.17, 1087649.9369163
02/09/09, 22.67, 22.89, 21.89, 22.26, 1321199.9233704
02/05/09, 23.61, 23.87, 23.17, 23.20, 1403549.9185941
02/04/09, 24.00, 24.08, 23.56, 23.66, 1270799.9262936
02/03/09, 24.11, 24.19, 23.57, 23.67, 1511549.9123301
02/02/09, 23.94, 24.56, 23.94, 24.02, 2586599.84997721
01/29/09, 23.39, 23.67, 23.39, 23.58, 1546199.9103204
01/28/09, 23.59, 23.94, 23.24, 23.30, 1691549.9018901
01/27/09, 24.00, 24.39, 22.91, 23.69, 2001149.8839333
01/26/09, 23.22, 24.03, 23.22, 23.89, 4518899.73790381
01/22/09, 22.22, 22.50, 21.68, 22.13, 579149.966409301
01/21/09, 22.21, 22.64, 21.90, 22.27, 1052549.9389521
01/20/09, 21.11, 22.20, 21.11, 22.06, 591749.965678502
01/19/09, 21.56, 21.78, 21.00, 21.14, 727199.957822402
01/15/09, 22.33, 22.33, 22.00, 22.17, 591299.965704602
01/14/09, 22.43, 22.49, 22.17, 22.26, 685799.960223602
01/13/09, 22.44, 22.78, 22.01, 22.18, 896399.948008802
01/12/09, 23.00, 23.00, 22.00, 22.19, 640349.962859702
01/07/09, 23.56, 23.78, 23.00, 23.02, 724049.958005102
01/06/09, 23.56, 23.83, 22.91, 23.01, 1022399.9407008
01/05/09, 24.16, 24.36, 23.33, 23.73, 1732049.8995411
01/01/09, 23.33, 23.33, 22.44, 23.03, 1148399.9333928
12/30/08, 22.09, 22.78, 21.70, 22.40, 1261799.9268156
12/24/08, 21.00, 21.22, 20.79, 21.07, 386999.977554001
12/23/08, 20.89, 21.11, 20.67, 20.82, 377099.978128201
12/22/08, 21.11, 21.12, 20.59, 20.79, 1148849.9333667
12/18/08, 20.13, 20.43, 20.13, 20.29, 336599.980477201
12/17/08, 19.79, 20.21, 19.79, 20.03, 166949.9903169
12/15/08, 20.02, 20.09, 19.90, 19.99, 240299.986062601
12/04/08, 20.54, 20.72, 20.17, 20.50, 568349.967035701
12/03/08, 19.33, 20.66, 19.22, 20.43, 679949.960562902
12/02/08, 19.38, 19.67, 19.28, 19.40, 432449.974917901
12/01/08, 19.44, 19.78, 19.01, 19.38, 348299.979798601
11/27/08, 19.58, 19.58, 19.03, 19.16, 673649.960928302
11/26/08, 20.00, 20.11, 19.72, 19.80, 583649.966148301
11/25/08, 20.22, 20.66, 20.02, 20.17, 534599.968993201
11/24/08, 20.77, 20.77, 20.23, 20.40, 429749.975074501
11/20/08, 20.13, 20.43, 19.61, 20.27, 602549.965052102
11/19/08, 20.89, 20.89, 20.43, 20.62, 576899.966539801
11/18/08, 20.78, 21.16, 20.59, 20.72, 511199.970350401
11/17/08, 20.44, 20.87, 20.26, 20.50, 418949.975700901
11/13/08, 21.67, 21.84, 20.78, 20.91, 927449.946207902
11/12/08, 20.78, 21.56, 20.67, 21.21, 1136699.9340714
11/11/08, 19.94, 20.54, 19.58, 20.30, 692099.959858202
11/10/08, 19.56, 19.98, 19.00, 19.87, 543599.968471201
11/06/08, 21.02, 21.22, 20.68, 20.97, 617399.964190802
11/05/08, 21.78, 21.88, 20.90, 21.06, 719999.958240002
11/04/08, 21.38, 21.89, 21.37, 21.52, 589049.965835101
11/03/08, 21.99, 22.11, 21.33, 21.39, 724049.958005102
10/30/08, 22.76, 22.76, 22.13, 22.27, 811799.952915602
10/29/08, 22.94, 22.94, 22.08, 22.29, 870749.949496502
10/28/08, 22.33, 23.06, 22.23, 22.52, 1225799.9289036
10/27/08, 22.78, 22.90, 22.11, 22.16, 1074149.9376993
10/23/08, 23.33, 23.77, 23.22, 23.31, 1063349.9383257
10/22/08, 23.44, 23.61, 23.11, 23.50, 742049.956961102
10/21/08, 23.89, 24.00, 23.33, 23.49, 904949.947512902
10/20/08, 24.00, 24.06, 23.57, 23.78, 1095299.9364726
10/16/08, 24.17, 24.20, 23.79, 23.84, 1875599.8912152
10/15/08, 24.67, 24.68, 24.01, 24.07, 1454399.9156448
10/14/08, 24.67, 24.82, 24.33, 24.38, 1452599.9157492
10/13/08, 24.67, 24.88, 24.11, 24.21, 1450799.9158536
10/08/08, 25.11, 25.33, 24.68, 24.92, 1913849.8889967
10/07/08, 24.54, 25.09, 24.39, 24.50, 1826099.8940862
10/06/08, 25.56, 26.11, 24.57, 24.77, 2818349.83653571
09/25/08, 24.94, 26.66, 24.71, 26.22, 6159599.64274322
09/24/08, 24.22, 24.99, 24.11, 24.70, 2990699.82653941
09/23/08, 24.01, 24.44, 23.80, 24.14, 1892699.8902234
09/22/08, 23.89, 24.00, 23.56, 23.71, 2023649.8826283
09/18/08, 24.17, 24.31, 23.83, 23.87, 1791449.8960959
09/17/08, 24.17, 24.29, 23.84, 23.93, 2685149.84426131
09/16/08, 23.94, 24.44, 23.89, 24.13, 2066849.8801227
09/15/08, 24.22, 24.33, 23.97, 24.12, 1638449.9049699
09/11/08, 24.66, 25.31, 24.38, 24.56, 3033899.82403381
09/10/08, 24.33, 24.67, 24.22, 24.39, 3490199.79756841
09/09/08, 23.98, 24.41, 23.88, 24.09, 2553299.85190861
09/08/08, 23.77, 24.00, 23.72, 23.80, 1705499.901081
09/04/08, 23.98, 23.98, 23.58, 23.67, 1832849.8936947
09/03/08, 24.22, 24.22, 23.78, 23.83, 2298599.86668121
09/02/08, 24.56, 24.67, 24.23, 24.28, 2060099.88051421
09/01/08, 24.02, 24.54, 23.81, 24.43, 3661649.78762431
08/28/08, 23.92, 24.11, 23.73, 23.80, 1723499.900037
08/27/08, 24.41, 24.67, 23.79, 23.92, 2519549.85386611
08/26/08, 23.33, 24.39, 23.24, 24.11, 4677299.72871661
08/25/08, 23.36, 23.78, 23.17, 23.20, 1106999.935794
08/21/08, 23.11, 23.60, 22.72, 23.30, 2275199.86803841
08/20/08, 22.89, 23.30, 22.62, 22.70, 1764449.8976619
08/19/08, 22.73, 23.11, 22.21, 22.31, 2351249.86362751
08/18/08, 23.88, 23.88, 22.62, 22.89, 1799099.8956522
08/14/08, 23.28, 23.78, 23.00, 23.38, 3119849.81904871
08/13/08, 23.78, 24.23, 23.19, 23.27, 2719349.84227771
08/12/08, 23.32, 24.21, 23.11, 23.42, 2972699.82758341
08/11/08, 22.44, 23.11, 21.33, 22.90, 3336749.80646851
08/07/08, 24.67, 24.67, 23.42, 23.73, 3231899.81254981
08/06/08, 24.44, 25.16, 24.24, 24.33, 2691899.84386981
08/05/08, 24.44, 24.96, 23.33, 24.23, 2564999.85123001
08/04/08, 24.44, 24.67, 22.79, 23.49, 2982599.82700921
07/31/08, 25.70, 26.44, 25.62, 25.96, 2902049.83168111
07/30/08, 26.97, 26.97, 25.69, 25.82, 2664449.84546191
07/29/08, 26.00, 27.00, 25.33, 26.39, 4729949.72566291
07/28/08, 27.54, 27.54, 25.56, 25.93, 4795649.72185231
07/24/08, 23.33, 26.11, 23.00, 25.68, 6842699.60312342
07/23/08, 23.33, 24.56, 23.33, 23.47, 3601349.79112171
07/22/08, 22.10, 24.22, 22.10, 23.33, 7348949.57376092
07/21/08, 18.88, 22.13, 18.88, 21.86, 11493899.3333538
07/17/08, 19.44, 19.67, 18.89, 19.00, 2832299.83572661
07/16/08, 19.78, 19.83, 19.01, 19.30, 2427749.85919051
07/15/08, 19.61, 20.20, 19.22, 19.64, 4396949.74497691
07/14/08, 18.56, 19.44, 18.28, 19.40, 4694399.72772481
07/10/08, 18.33, 18.54, 17.94, 18.22, 1861199.8920504
07/09/08, 18.00, 18.54, 17.78, 18.11, 1494899.9132958
07/08/08, 16.89, 17.89, 16.74, 17.77, 2117699.8771734
07/07/08, 17.11, 17.17, 16.78, 16.83, 842849.951114702
07/03/08, 16.20, 16.49, 15.92, 16.37, 992699.942423402
07/02/08, 15.59, 16.06, 15.59, 16.00, 421649.975544301
06/30/08, 16.00, 16.32, 15.67, 15.77, 876149.949183302
06/26/08, 16.68, 16.87, 16.57, 16.61, 603449.964999902
06/25/08, 17.09, 17.11, 16.67, 16.71, 819449.952471902
06/24/08, 16.82, 17.02, 16.59, 16.99, 656099.961946202
06/23/08, 17.10, 17.10, 16.40, 16.51, 946349.945111702
06/19/08, 17.56, 17.56, 16.91, 17.07, 709649.958840302
06/18/08, 17.64, 17.64, 16.92, 17.41, 783899.954533802
06/17/08, 17.56, 17.67, 17.11, 17.34, 807299.953176602
06/16/08, 17.00, 17.76, 16.80, 17.53, 1107449.9357679
06/12/08, 18.22, 18.56, 17.57, 17.86, 1469249.9147835
06/11/08, 18.74, 18.87, 17.78, 17.91, 1847699.8928334
06/10/08, 19.11, 19.44, 18.56, 18.68, 3262049.81080111
06/09/08, 20.00, 20.00, 18.89, 19.42, 4568849.73500671
06/05/08, 18.44, 19.00, 18.22, 18.83, 4334849.74857871
06/04/08, 18.64, 18.64, 18.13, 18.19, 2370149.86253131
06/03/08, 18.76, 18.89, 18.20, 18.36, 2741399.84099881
06/02/08, 18.88, 19.22, 18.61, 18.66, 3460499.79929101
05/29/08, 18.28, 18.33, 17.87, 17.94, 3836699.77747141
05/28/08, 18.22, 18.59, 17.96, 18.01, 4124249.76079351
05/27/08, 18.66, 18.89, 18.02, 18.10, 3845249.77697551
05/26/08, 18.89, 19.10, 18.11, 18.31, 4000949.76794491
05/22/08, 18.19, 18.19, 17.56, 17.69, 3501899.79688981
05/21/08, 18.56, 18.83, 17.67, 17.83, 3743099.78290021
05/20/08, 17.33, 18.64, 17.11, 18.29, 5538149.67878731
05/15/08, 16.78, 16.99, 16.22, 16.44, 1255499.927181
05/14/08, 17.22, 17.33, 16.56, 16.67, 2196449.87260591
05/13/08, 17.66, 17.66, 16.91, 16.98, 1195649.9306523
05/12/08, 17.11, 17.78, 17.11, 17.40, 1633499.905257
04/30/08, 18.44, 18.66, 17.79, 17.99, 1708649.9008983
04/29/08, 18.89, 19.24, 18.11, 18.22, 2367899.86266181
04/28/08, 18.89, 20.00, 18.72, 18.83, 2886299.83259461
04/24/08, 16.78, 19.54, 16.78, 18.91, 5617349.67419371
04/23/08, 16.66, 17.12, 16.44, 16.84, 2083049.87918311
04/22/08, 16.38, 16.78, 16.24, 16.42, 1816649.8946343
04/21/08, 16.06, 16.39, 15.74, 16.22, 1614149.9063793
04/17/08, 16.44, 17.67, 16.23, 16.49, 3992399.76844081
04/16/08, 16.44, 16.56, 16.22, 16.33, 834749.951584502
04/15/08, 16.61, 16.61, 16.23, 16.30, 1127699.9345934
04/10/08, 16.11, 16.22, 15.89, 16.02, 632249.963329502
04/09/08, 15.89, 16.22, 15.88, 15.96, 971999.943624002
04/08/08, 15.67, 15.98, 15.58, 15.67, 651599.962207202
04/07/08, 15.44, 15.81, 15.44, 15.64, 621899.963929802
04/03/08, 15.83, 15.89, 15.67, 15.70, 674549.960876102
04/02/08, 16.18, 16.21, 15.78, 15.80, 708299.958918602
04/01/08, 15.56, 16.00, 15.56, 15.86, 618299.964138602
03/31/08, 16.33, 16.33, 15.52, 15.58, 1705049.9011071
03/25/08, 16.61, 17.21, 16.57, 16.98, 2209049.87187511
03/24/08, 16.00, 16.71, 15.72, 16.39, 2429549.85908611
03/20/08, 15.44, 16.11, 15.38, 15.54, 1220849.9291907
03/19/08, 15.11, 15.44, 15.11, 15.23, 725399.957926802
03/18/08, 15.54, 15.78, 15.01, 15.19, 904049.947565102
03/17/08, 15.10, 15.99, 15.10, 15.41, 1862999.891946
03/13/08, 14.64, 14.77, 14.47, 14.49, 409049.976275101
03/12/08, 14.67, 14.87, 14.59, 14.62, 493199.971394401
03/11/08, 14.46, 15.00, 14.38, 14.67, 1189799.9309916
03/10/08, 14.66, 14.67, 14.46, 14.49, 422099.975518201
03/06/08, 14.59, 14.89, 14.56, 14.68, 895049.948087102
03/05/08, 14.56, 14.86, 14.44, 14.59, 400949.976744901
03/04/08, 14.28, 14.67, 14.28, 14.43, 376199.978180401
03/03/08, 14.29, 14.42, 14.20, 14.21, 252899.985331801
02/28/08, 14.89, 15.11, 14.48, 14.69, 412199.976092401
02/27/08, 14.11, 15.11, 13.89, 14.77, 675899.960797802
02/26/08, 13.67, 13.78, 13.58, 13.60, 91799.9946756002
02/25/08, 13.58, 13.77, 13.36, 13.51, 166499.990343
02/20/08, 13.78, 14.11, 13.78, 13.89, 169649.9901603
02/19/08, 13.80, 13.87, 13.67, 13.77, 261899.984809801
02/18/08, 14.11, 14.22, 13.82, 13.92, 234899.986375801
02/14/08, 14.36, 14.36, 14.22, 14.31, 163799.9904996
02/13/08, 14.44, 14.50, 14.29, 14.32, 187199.9891424
02/12/08, 14.46, 14.56, 14.44, 14.44, 137699.9920134
02/11/08, 14.51, 14.78, 14.46, 14.48, 211049.987759101
02/07/08, 14.67, 15.11, 14.56, 14.84, 374399.978284801
02/06/08, 14.89, 14.89, 14.46, 14.63, 274049.984105101
02/05/08, 15.10, 15.11, 14.54, 14.59, 335249.980555501
02/04/08, 15.00, 15.22, 14.78, 14.81, 642599.962729202
01/31/08, 14.44, 14.89, 14.22, 14.73, 347849.979824701
01/30/08, 13.90, 13.90, 13.41, 13.63, 219599.987263201
01/29/08, 14.00, 14.11, 13.91, 13.93, 250649.985462301
01/28/08, 14.21, 14.22, 13.89, 14.09, 162899.9905518
01/24/08, 14.84, 14.88, 14.39, 14.44, 158399.9908128
01/23/08, 14.67, 14.68, 14.29, 14.33, 247949.985618901
01/22/08, 14.69, 15.00, 14.69, 14.79, 95849.9944407002
01/21/08, 15.04, 15.11, 14.56, 14.81, 284399.983504801
01/17/08, 15.38, 15.38, 15.06, 15.14, 332999.980686001
01/16/08, 15.44, 15.54, 15.34, 15.38, 152099.9911782
01/15/08, 15.56, 15.56, 15.42, 15.44, 210149.987811301
01/14/08, 15.51, 15.77, 15.44, 15.56, 140849.9918307
01/10/08, 16.17, 16.22, 15.56, 15.60, 397349.976953701
01/09/08, 15.77, 15.97, 15.61, 15.91, 269099.984392201
01/08/08, 15.13, 15.67, 15.13, 15.42, 150749.9912565
01/07/08, 15.61, 15.68, 15.22, 15.24, 98099.9943102002
01/03/08, 15.28, 16.00, 15.28, 15.69, 299249.982643501
01/02/08, 16.01, 16.01, 15.44, 15.56, 339749.980294501
01/01/08, 16.09, 16.09, 16.09, 16.09, 310949.981964901
12/27/07, 16.69, 16.76, 16.44, 16.56, 283049.983583101
12/26/07, 16.61, 17.00, 16.61, 16.74, 309599.982043201
12/19/07, 16.99, 17.04, 16.83, 16.88, 429749.975074501
12/18/07, 16.86, 17.02, 16.71, 16.89, 418499.975727001
12/17/07, 17.00, 17.01, 16.83, 16.84, 362249.978989501
12/13/07, 17.11, 17.11, 16.88, 16.91, 374849.978258701
12/12/07, 17.22, 17.22, 16.78, 16.92, 454949.973612901
12/11/07, 17.76, 17.76, 17.22, 17.26, 661499.961633002
12/10/07, 17.11, 17.66, 17.06, 17.53, 1562849.9093547
12/06/07, 16.78, 17.14, 16.67, 16.98, 275399.984026801
12/05/07, 16.69, 16.91, 16.56, 16.76, 421199.975570401
12/04/07, 17.22, 17.52, 16.68, 16.82, 731249.957587502
12/03/07, 16.47, 16.89, 16.06, 16.74, 535499.968941001
11/29/07, 17.40, 17.60, 17.17, 17.19, 725849.957900702
11/28/07, 16.67, 17.44, 16.61, 17.11, 598049.965313102
11/27/07, 17.89, 17.89, 16.59, 16.86, 618299.964138602
11/26/07, 17.19, 18.33, 17.19, 17.60, 1073249.9377515
11/22/07, 16.78, 16.92, 16.22, 16.82, 781649.954664302
11/21/07, 17.22, 17.78, 16.13, 17.01, 776249.954977502
11/20/07, 17.47, 17.56, 15.22, 17.22, 1034099.9400222
11/19/07, 17.56, 18.33, 17.54, 17.73, 1801799.8954956
11/15/07, 15.33, 15.43, 14.84, 15.11, 1011599.9413272
11/14/07, 14.89, 15.56, 14.41, 15.20, 1278449.9258499
11/13/07, 14.00, 15.44, 14.00, 14.78, 1561949.9094069
11/12/07, 13.33, 13.98, 13.29, 13.96, 2073149.8797573
11/08/07, 13.01, 13.34, 13.01, 13.32, 563399.967322801
11/06/07, 12.91, 13.00, 12.89, 12.98, 182699.9894034
11/05/07, 13.33, 13.33, 12.90, 13.07, 88199.9948844002
11/01/07, 13.33, 13.71, 13.00, 13.33, 410399.976196801
10/31/07, 13.00, 13.44, 12.89, 13.30, 711449.958735902
10/30/07, 12.67, 12.78, 12.56, 12.70, 436499.974683001
10/29/07, 12.78, 12.78, 12.51, 12.56, 377999.978076001
10/25/07, 12.61, 13.00, 12.49, 12.54, 614249.964373502
10/24/07, 12.67, 12.78, 12.46, 12.51, 329849.980868701
10/23/07, 12.78, 12.89, 12.70, 12.76, 95399.9944668002
10/22/07, 12.84, 13.20, 12.69, 12.83, 85049.9950671002
10/18/07, 12.97, 13.11, 12.90, 13.01, 137699.9920134
10/17/07, 13.01, 13.11, 13.00, 13.01, 113849.9933967
10/16/07, 13.22, 13.28, 13.04, 13.22, 245699.985749401
10/09/07, 13.00, 13.33, 12.89, 13.29, 428399.975152801
10/08/07, 12.89, 13.00, 12.68, 12.83, 171899.9900298
10/04/07, 13.00, 13.00, 12.62, 12.82, 108449.9937099
10/03/07, 13.21, 13.21, 12.50, 12.60, 117449.9931879
10/02/07, 12.56, 13.00, 12.56, 12.82, 146249.9915175
10/01/07, 12.00, 12.78, 12.00, 12.44, 70199.9959284002
09/27/07, 12.48, 12.66, 12.47, 12.56, 40949.9976249001
09/26/07, 12.56, 12.67, 12.46, 12.59, 64799.9962416002
09/25/07, 12.89, 12.89, 12.67, 12.69, 79649.9953803002
09/24/07, 12.94, 12.97, 12.78, 12.87, 110699.9935794
09/20/07, 12.28, 13.22, 12.22, 13.09, 75599.9956152002
09/19/07, 12.22, 12.44, 12.18, 12.23, 113399.9934228
09/18/07, 12.33, 12.44, 11.78, 12.24, 149399.9913348
09/17/07, 12.78, 12.78, 12.34, 12.41, 142649.9917263
09/13/07, 13.22, 13.33, 12.89, 13.24, 146699.9914914
09/12/07, 13.22, 13.78, 13.06, 13.28, 318599.981521201
09/11/07, 14.08, 14.08, 13.22, 13.58, 323549.981234101
09/10/07, 13.78, 13.88, 13.67, 13.69, 455849.973560701
09/06/07, 13.38, 13.90, 13.38, 13.88, 634949.963172902
09/05/07, 12.83, 13.36, 12.68, 13.32, 605249.964895502
09/03/07, 12.72, 12.80, 12.28, 12.73, 865349.949809702
08/29/07, 12.56, 12.67, 12.00, 12.06, 427049.975231101
08/28/07, 11.46, 12.44, 11.46, 11.96, 778049.954873102
08/27/07, 11.38, 11.38, 11.38, 11.38, 458099.973430201
08/22/07, 10.32, 10.40, 10.29, 10.32, 88199.9948844002
08/21/07, 10.44, 10.44, 10.34, 10.36, 45449.9973639001
08/20/07, 10.31, 10.47, 10.31, 10.40, 65249.9962155002
08/16/07, 10.38, 10.57, 10.37, 10.53, 59849.9965287002
08/15/07, 10.43, 10.44, 10.33, 10.36, 87749.9949105002
08/14/07, 10.22, 10.33, 10.19, 10.27, 50399.9970768001
08/13/07, 10.28, 10.28, 10.18, 10.21, 57599.9966592002
08/09/07, 10.36, 10.57, 10.36, 10.51, 31949.9981469001
08/08/07, 10.57, 10.58, 10.44, 10.51, 34649.9979903001
08/07/07, 10.33, 10.44, 10.33, 10.41, 31049.9981991001
08/06/07, 10.41, 10.44, 10.40, 10.41, 24299.9985906001
08/02/07, 10.44, 10.50, 10.34, 10.47, 44999.9973900001
08/01/07, 10.24, 10.56, 10.23, 10.44, 49049.9971551001
07/31/07, 10.18, 10.44, 10.18, 10.31, 137699.9920134
07/30/07, 10.50, 10.63, 10.39, 10.41, 275849.984000701
07/26/07, 10.56, 10.83, 10.56, 10.77, 289799.983191601
07/25/07, 10.57, 10.64, 10.56, 10.57, 189449.9890119
07/24/07, 10.13, 10.67, 10.13, 10.53, 219149.987289301
07/23/07, 10.56, 11.22, 10.34, 10.57, 367199.978702401
07/19/07, 8.67, 10.28, 8.67, 10.28, 720449.958213902
07/18/07, 8.56, 8.84, 8.50, 8.57, 307799.982147601
07/17/07, 8.44, 8.50, 8.44, 8.46, 95399.9944668002
07/16/07, 8.44, 8.56, 8.38, 8.47, 34199.9980164001
07/12/07, 8.54, 8.60, 8.40, 8.56, 142649.9917263
07/11/07, 8.44, 8.44, 8.40, 8.43, 44549.9974161001
07/10/07, 8.50, 8.50, 8.33, 8.46, 116999.993214
07/09/07, 8.67, 8.67, 8.53, 8.59, 10799.9993736
07/05/07, 8.42, 8.78, 8.36, 8.64, 99899.9942058002
07/04/07, 8.20, 8.33, 8.20, 8.29, 88199.9948844002
07/03/07, 8.22, 8.27, 8.20, 8.22, 46349.9973117001
07/02/07, 8.28, 8.39, 8.18, 8.19, 70199.9959284002
06/28/07, 8.42, 8.44, 8.31, 8.36, 63899.9962938002
06/27/07, 8.34, 8.34, 8.23, 8.31, 48599.9971812001
06/26/07, 8.44, 8.60, 8.39, 8.41, 50849.9970507001
06/25/07, 8.33, 8.48, 8.31, 8.44, 116099.9932662
06/21/07, 8.11, 8.27, 8.11, 8.22, 82349.9952237002
06/20/07, 8.11, 8.11, 8.07, 8.10, 9449.99945190002
06/19/07, 8.22, 8.22, 8.03, 8.18, 13949.9991909
06/18/07, 8.02, 8.07, 8.01, 8.03, 17099.9990082
06/14/07, 8.11, 8.17, 8.11, 8.12, 13499.999217
06/13/07, 8.08, 8.11, 8.08, 8.09, 13499.999217
06/12/07, 8.06, 8.11, 8.02, 8.04, 19349.9988777
06/11/07, 8.04, 8.20, 8.04, 8.14, 14849.9991387
06/07/07, 8.11, 8.22, 8.11, 8.17, 15299.9991126
06/06/07, 8.32, 8.33, 8.27, 8.28, 66149.9961633002
06/05/07, 8.74, 8.78, 8.27, 8.29, 43199.9974944001
06/04/07, 8.44, 8.77, 8.44, 8.47, 144899.9915958
05/31/07, 7.89, 8.22, 7.89, 8.09, 58499.9966070002
05/30/07, 7.94, 7.96, 7.91, 7.93, 21149.9987733001
05/29/07, 8.02, 8.10, 7.89, 7.97, 30599.9982252001
05/28/07, 8.09, 8.09, 8.01, 8.03, 19799.9988516
05/24/07, 8.23, 8.23, 8.14, 8.18, 57149.9966853002
05/23/07, 8.33, 8.33, 8.16, 8.22, 41399.9975988001
05/22/07, 8.28, 8.33, 8.22, 8.26, 48599.9971812001
05/21/07, 8.33, 8.52, 8.26, 8.33, 39599.9977032001
05/17/07, 8.12, 8.22, 8.12, 8.18, 47249.9972595001
05/16/07, 8.01, 8.26, 8.01, 8.17, 52199.9969724001
05/15/07, 8.02, 8.17, 8.01, 8.14, 43199.9974944001
05/14/07, 8.22, 8.22, 8.00, 8.02, 37349.9978337001
05/03/07, 8.53, 8.54, 8.22, 8.29, 39149.9977293001
04/30/07, 8.29, 8.29, 8.21, 8.22, 27449.9984079001
04/26/07, 8.39, 8.39, 8.28, 8.32, 25649.9985123001
04/25/07, 8.28, 8.44, 8.22, 8.42, 140399.9918568
04/24/07, 8.08, 8.33, 8.06, 8.11, 144449.9916219
04/23/07, 7.78, 8.27, 7.77, 8.07, 175049.9898471
04/19/07, 7.79, 7.99, 7.68, 7.88, 62099.9963982002
04/18/07, 8.00, 8.00, 7.83, 7.87, 75599.9956152002
04/17/07, 8.46, 8.46, 7.73, 7.97, 149849.9913087
04/16/07, 8.39, 8.39, 8.39, 8.39, 4499.99973900001
04/12/07, 8.78, 8.80, 8.67, 8.69, 43199.9974944001
04/11/07, 8.88, 8.89, 8.78, 8.83, 14399.9991648
04/10/07, 8.89, 8.90, 8.77, 8.79, 69749.9959545002
04/09/07, 8.89, 8.90, 8.84, 8.88, 28349.9983557001
04/05/07, 8.92, 8.92, 8.92, 8.92, 899.999947800002
04/04/07, 9.11, 9.11, 8.89, 8.91, 49049.9971551001
04/03/07, 8.96, 9.13, 8.94, 8.98, 30149.9982513001
04/02/07, 9.13, 9.13, 8.94, 9.07, 29249.9983035001
03/29/07, 9.17, 9.18, 9.09, 9.09, 44549.9974161001
03/28/07, 9.17, 9.22, 9.11, 9.14, 47699.9972334001
03/27/07, 9.33, 9.33, 9.20, 9.24, 71999.9958240002
03/22/07, 9.46, 9.48, 9.30, 9.34, 29249.9983035001
03/21/07, 9.48, 9.78, 9.47, 9.58, 98099.9943102002
03/20/07, 9.32, 10.09, 9.32, 9.59, 265949.984574901
03/19/07, 9.21, 9.33, 9.17, 9.20, 161549.9906301
03/15/07, 9.02, 9.11, 9.00, 9.02, 20699.9987994
03/14/07, 9.07, 9.07, 9.06, 9.06, 1799.9998956
03/13/07, 9.18, 9.32, 8.94, 9.21, 49049.9971551001
03/12/07, 9.11, 9.11, 8.90, 8.99, 13499.999217
03/08/07, 9.11, 9.22, 8.94, 9.03, 33749.9980425001
03/07/07, 9.11, 9.21, 9.04, 9.12, 14849.9991387
03/06/07, 9.10, 9.12, 8.89, 8.98, 13949.9991909
03/05/07, 8.89, 9.17, 8.89, 8.92, 45899.9973378001
03/01/07, 9.22, 9.33, 9.22, 9.29, 19349.9988777
02/28/07, 9.33, 9.44, 9.26, 9.32, 36449.9978859001
02/27/07, 9.33, 9.44, 9.24, 9.33, 44549.9974161001
02/26/07, 9.67, 9.67, 9.22, 9.31, 32849.9980947001
02/22/07, 9.22, 10.32, 9.22, 10.03, 237149.986245301
02/20/07, 8.96, 9.56, 8.96, 9.41, 64799.9962416002
02/19/07, 8.79, 9.22, 8.79, 8.96, 8999.99947800002
02/15/07, 9.00, 9.13, 9.00, 9.00, 37349.9978337001
02/14/07, 9.00, 9.00, 8.90, 8.93, 4949.99971290001
02/13/07, 8.89, 9.11, 8.89, 8.90, 79199.9954064002
02/12/07, 8.92, 9.17, 8.92, 9.06, 13499.999217
02/08/07, 9.53, 9.53, 8.69, 9.00, 16199.9990604
02/07/07, 9.29, 9.29, 9.11, 9.12, 95399.9944668002
02/06/07, 9.23, 9.28, 9.23, 9.23, 71099.9958762002
02/05/07, 9.33, 9.44, 9.28, 9.34, 39149.9977293001
02/01/07, 9.44, 9.44, 9.33, 9.33, 140849.9918307
01/31/07, 9.22, 9.50, 9.22, 9.40, 57149.9966853002
01/29/07, 9.42, 9.50, 9.36, 9.41, 119249.9930835
01/25/07, 9.46, 9.54, 9.38, 9.46, 26549.9984601001
01/24/07, 9.56, 9.89, 9.56, 9.77, 89099.9948322002
01/23/07, 9.33, 9.56, 9.19, 9.47, 65699.9961894002
01/22/07, 9.44, 9.44, 9.22, 9.34, 76049.9955891002
01/18/07, 9.39, 9.39, 9.24, 9.29, 47699.9972334001
01/17/07, 9.22, 9.44, 9.14, 9.39, 123749.9928225
01/16/07, 9.13, 9.22, 9.06, 9.18, 59399.9965548002
01/15/07, 9.22, 9.44, 9.11, 9.16, 161549.9906301
01/11/07, 8.80, 8.89, 8.78, 8.81, 23849.9986167001
01/10/07, 8.89, 8.94, 8.89, 8.90, 26099.9984862001
01/09/07, 8.89, 9.00, 8.89, 8.92, 14399.9991648
01/08/07, 8.92, 8.92, 8.89, 8.89, 22049.9987211001
01/04/07, 9.22, 9.30, 9.22, 9.24, 6749.99960850002
01/03/07, 9.11, 9.11, 9.11, 9.11, 2249.99986950001
12/28/06, 9.44, 9.44, 9.24, 9.34, 46349.9973117001
12/27/06, 9.22, 9.44, 9.13, 9.36, 50849.9970507001
12/26/06, 9.18, 9.22, 9.00, 9.14, 64349.9962677002
12/20/06, 9.39, 9.67, 9.38, 9.47, 58499.9966070002
12/19/06, 8.71, 10.22, 8.71, 9.84, 206549.9880201
12/18/06, 8.58, 8.70, 8.58, 8.66, 43199.9974944001
12/14/06, 8.58, 8.58, 8.56, 8.56, 25649.9985123001
12/13/06, 8.44, 8.56, 8.44, 8.52, 38249.9977815001
12/12/06, 8.47, 8.67, 8.44, 8.56, 34199.9980164001
12/11/06, 8.39, 8.50, 8.39, 8.46, 22949.9986689001
12/07/06, 8.56, 8.58, 8.54, 8.57, 28799.9983296001
12/06/06, 8.44, 8.56, 8.44, 8.54, 26549.9984601001
12/05/06, 8.53, 8.67, 8.51, 8.59, 99899.9942058002
12/04/06, 8.17, 8.44, 8.17, 8.40, 70649.9959023002
11/30/06, 8.21, 8.22, 8.11, 8.11, 29249.9983035001
11/29/06, 8.22, 8.26, 8.22, 8.22, 17999.998956
11/28/06, 8.13, 8.13, 8.06, 8.07, 31499.9981730001
11/27/06, 8.33, 8.33, 8.22, 8.29, 18449.9989299
11/23/06, 8.33, 8.44, 8.33, 8.37, 21599.9987472001
11/22/06, 8.56, 8.67, 8.22, 8.34, 64799.9962416002
11/21/06, 8.56, 8.67, 8.50, 8.57, 87749.9949105002
11/20/06, 8.10, 8.50, 8.06, 8.36, 77399.9955108002
11/16/06, 7.89, 7.98, 7.83, 7.90, 44099.9974422001
11/15/06, 7.62, 7.89, 7.62, 7.84, 20699.9987994
11/14/06, 7.89, 7.93, 7.89, 7.89, 4049.99976510001
11/09/06, 7.67, 7.72, 7.67, 7.68, 3149.99981730001
11/08/06, 7.61, 7.61, 7.48, 7.56, 50849.9970507001
11/06/06, 7.78, 7.78, 7.63, 7.76, 12599.9992692
11/02/06, 7.82, 7.89, 7.82, 7.83, 98549.9942841002
11/01/06, 7.81, 7.87, 7.80, 7.81, 29249.9983035001
10/31/06, 7.82, 7.83, 7.80, 7.81, 16199.9990604
10/19/06, 7.71, 8.09, 7.71, 7.99, 32399.9981208001
10/18/06, 7.59, 7.68, 7.56, 7.66, 60749.9964765002
10/17/06, 7.52, 7.59, 7.52, 7.54, 48599.9971812001
10/16/06, 7.44, 7.47, 7.44, 7.44, 27449.9984079001
10/12/06, 7.38, 7.44, 7.37, 7.42, 35549.9979381001
10/11/06, 7.44, 7.44, 7.41, 7.42, 4049.99976510001
10/10/06, 7.41, 7.44, 7.41, 7.41, 15749.9990865
10/09/06, 7.36, 7.36, 7.36, 7.36, 449.999973900001
10/05/06, 7.41, 7.41, 7.38, 7.39, 15299.9991126
10/03/06, 7.53, 7.54, 7.39, 7.41, 23849.9986167001
09/28/06, 7.36, 7.69, 7.36, 7.43, 13949.9991909
09/27/06, 7.33, 7.34, 7.33, 7.33, 15749.9990865
09/26/06, 7.39, 7.39, 7.29, 7.33, 13049.9992431
09/20/06, 7.44, 7.58, 7.44, 7.50, 20699.9987994
09/19/06, 7.36, 7.52, 7.36, 7.49, 14399.9991648
09/18/06, 7.40, 7.51, 7.40, 7.47, 7649.99955630002
09/14/06, 7.42, 7.42, 7.39, 7.40, 16199.9990604
09/13/06, 7.47, 7.47, 7.44, 7.44, 10349.9993997
09/12/06, 7.61, 7.61, 7.44, 7.47, 15299.9991126
09/11/06, 7.56, 7.56, 7.56, 7.56, 1349.9999217
09/07/06, 7.61, 7.67, 7.57, 7.58, 23849.9986167001
09/06/06, 7.53, 7.78, 7.53, 7.76, 42749.9975205001
09/05/06, 7.61, 7.61, 7.56, 7.56, 44099.9974422001
09/04/06, 7.78, 7.79, 7.69, 7.73, 143549.9916741
08/31/06, 7.56, 7.71, 7.56, 7.67, 55799.9967636001
08/29/06, 7.44, 7.50, 7.39, 7.46, 17549.9989821
08/28/06, 7.44, 7.44, 7.33, 7.36, 37799.9978076001
08/24/06, 7.37, 7.44, 7.37, 7.39, 60299.9965026002
08/23/06, 7.49, 7.49, 7.34, 7.34, 103049.9940231
08/22/06, 7.58, 7.58, 7.47, 7.52, 29249.9983035001
08/21/06, 7.64, 7.73, 7.57, 7.62, 74699.9956674002
08/17/06, 7.83, 7.83, 7.56, 7.60, 119249.9930835
08/15/06, 7.98, 7.98, 7.79, 7.81, 53999.9968680001
08/14/06, 8.17, 8.17, 7.89, 7.93, 88199.9948844002
08/10/06, 8.00, 8.22, 7.78, 8.01, 145799.9915436
08/09/06, 8.11, 8.17, 8.00, 8.03, 146249.9915175
08/08/06, 8.17, 8.19, 8.00, 8.04, 27449.9984079001
08/07/06, 8.02, 8.17, 7.93, 8.07, 40949.9976249001
08/03/06, 7.89, 8.22, 7.82, 8.13, 54449.9968419001
08/02/06, 7.64, 7.82, 7.64, 7.79, 41849.9975727001
08/01/06, 7.48, 7.89, 7.48, 7.73, 51299.9970246001
07/31/06, 7.67, 7.67, 7.57, 7.61, 12599.9992692
07/27/06, 7.61, 7.76, 7.61, 7.67, 32849.9980947001
07/26/06, 7.58, 7.60, 7.57, 7.58, 12599.9992692
07/25/06, 7.58, 7.58, 7.56, 7.57, 9899.99942580002
07/24/06, 7.48, 7.56, 7.44, 7.48, 13949.9991909
07/20/06, 7.46, 7.46, 7.46, 7.46, 449.999973900001
07/19/06, 7.50, 7.50, 7.49, 7.49, 2699.99984340001
07/18/06, 7.58, 7.61, 7.53, 7.57, 3149.99981730001
07/17/06, 7.56, 7.58, 7.56, 7.57, 2249.99986950001
07/13/06, 7.68, 7.83, 7.67, 7.76, 16649.9990343
07/12/06, 7.76, 7.88, 7.67, 7.81, 9449.99945190002
07/11/06, 7.78, 7.89, 7.67, 7.77, 16199.9990604
07/10/06, 7.80, 7.94, 7.80, 7.89, 59399.9965548002
07/06/06, 8.09, 8.11, 7.94, 8.00, 29249.9983035001
07/05/06, 7.83, 8.03, 7.83, 7.99, 26549.9984601001
07/03/06, 7.56, 7.87, 7.56, 7.77, 17099.9990082
06/29/06, 7.53, 8.28, 7.44, 7.82, 107549.9937621
06/28/06, 7.54, 7.54, 7.27, 7.30, 22049.9987211001
06/27/06, 7.53, 7.53, 7.37, 7.40, 12149.9992953
06/26/06, 7.56, 7.56, 7.38, 7.41, 35549.9979381001
06/22/06, 7.39, 7.62, 7.39, 7.57, 26999.9984340001
06/21/06, 7.47, 7.47, 7.41, 7.41, 30599.9982252001
06/20/06, 7.32, 7.39, 7.32, 7.37, 39599.9977032001
06/19/06, 7.43, 7.43, 7.19, 7.23, 12599.9992692
06/15/06, 7.34, 7.34, 7.33, 7.33, 14399.9991648
06/12/06, 7.34, 7.41, 7.33, 7.34, 21149.9987733001
06/08/06, 7.39, 7.49, 7.39, 7.43, 12149.9992953
06/07/06, 7.48, 7.53, 7.44, 7.48, 8999.99947800002
06/06/06, 7.44, 7.59, 7.44, 7.51, 9449.99945190002
06/05/06, 7.42, 7.42, 7.38, 7.40, 71999.9958240002
06/01/06, 7.44, 7.51, 7.44, 7.46, 14399.9991648
05/31/06, 7.36, 7.47, 7.36, 7.44, 15299.9991126
05/30/06, 7.37, 7.37, 7.24, 7.33, 11249.9993475
05/29/06, 7.42, 7.42, 7.39, 7.40, 28349.9983557001
05/25/06, 7.50, 7.56, 7.39, 7.47, 20249.9988255
05/24/06, 7.36, 7.36, 7.33, 7.34, 4049.99976510001
05/23/06, 7.67, 7.67, 7.44, 7.44, 31049.9981991001
05/22/06, 7.57, 7.57, 7.56, 7.56, 23849.9986167001
05/18/06, 7.90, 8.00, 7.90, 7.97, 8999.99947800002
05/17/06, 7.90, 7.90, 7.83, 7.88, 13949.9991909
05/16/06, 7.78, 8.08, 7.78, 7.94, 13049.9992431
05/08/06, 8.24, 8.56, 8.24, 8.47, 69299.9959806002
05/04/06, 8.11, 8.14, 8.07, 8.10, 23849.9986167001
05/03/06, 8.17, 8.17, 8.07, 8.10, 8099.99953020002
05/02/06, 8.24, 8.26, 8.11, 8.17, 24749.9985645001
04/27/06, 8.61, 8.61, 8.44, 8.51, 59399.9965548002
04/26/06, 9.56, 9.56, 8.50, 8.61, 173699.9899254
04/25/06, 9.78, 9.78, 9.59, 9.64, 1349.9999217
04/24/06, 9.56, 9.56, 9.52, 9.53, 1799.9998956
04/19/06, 10.31, 10.31, 9.56, 9.57, 15749.9990865
04/18/06, 9.61, 9.78, 9.59, 9.61, 12599.9992692
04/17/06, 9.50, 9.50, 9.44, 9.47, 1799.9998956
04/13/06, 9.56, 9.56, 9.44, 9.48, 6299.99963460002
04/12/06, 9.56, 9.66, 9.44, 9.50, 18899.9989038
04/10/06, 9.57, 9.57, 9.44, 9.51, 24749.9985645001
04/06/06, 9.78, 9.99, 9.78, 9.80, 11249.9993475
04/05/06, 9.82, 9.83, 9.64, 9.76, 2249.99986950001
04/04/06, 9.89, 9.89, 9.78, 9.82, 27449.9984079001
04/03/06, 9.96, 10.20, 9.96, 10.03, 1349.9999217
03/30/06, 9.79, 10.11, 9.79, 10.04, 17099.9990082
03/29/06, 10.01, 10.01, 10.00, 10.00, 15749.9990865
03/28/06, 9.84, 9.93, 9.84, 9.86, 5399.99968680001
03/27/06, 9.89, 9.90, 9.89, 9.89, 3599.99979120001
03/23/06, 9.94, 10.00, 9.94, 9.99, 19799.9988516
03/22/06, 9.83, 10.00, 9.83, 9.94, 1799.9998956
03/21/06, 10.07, 10.07, 9.89, 9.91, 9449.99945190002
03/20/06, 10.00, 10.06, 10.00, 10.01, 2249.99986950001
03/16/06, 9.89, 9.94, 9.89, 9.89, 4049.99976510001
03/15/06, 9.89, 10.00, 9.88, 9.91, 3149.99981730001
03/14/06, 9.92, 10.00, 9.89, 9.91, 14849.9991387
03/09/06, 9.94, 9.94, 9.91, 9.93, 11699.9993214
03/08/06, 9.98, 10.00, 9.98, 9.99, 5849.99966070002
03/07/06, 9.98, 10.06, 9.89, 9.96, 26999.9984340001
03/06/06, 9.94, 9.99, 9.94, 9.94, 4949.99971290001
03/02/06, 9.67, 9.78, 9.67, 9.71, 4949.99971290001
03/01/06, 9.60, 9.78, 9.60, 9.67, 9449.99945190002
02/28/06, 9.56, 9.67, 9.44, 9.49, 15299.9991126
02/27/06, 9.72, 9.72, 9.51, 9.63, 3149.99981730001
02/23/06, 9.89, 9.89, 9.69, 9.80, 4499.99973900001
02/22/06, 10.00, 10.00, 9.86, 9.87, 4499.99973900001
02/20/06, 9.86, 9.86, 9.84, 9.84, 6749.99960850002
02/16/06, 9.78, 9.89, 9.78, 9.80, 27449.9984079001
02/14/06, 9.78, 9.78, 9.78, 9.78, 2699.99984340001
02/13/06, 9.68, 9.78, 9.62, 9.66, 9899.99942580002
02/09/06, 9.70, 9.78, 9.70, 9.73, 12149.9992953
02/08/06, 9.80, 10.00, 9.78, 9.78, 31049.9981991001
02/07/06, 9.89, 9.89, 9.82, 9.83, 10799.9993736
02/06/06, 10.00, 10.00, 9.89, 9.90, 4049.99976510001
02/02/06, 9.96, 9.96, 9.96, 9.96, 449.999973900001
02/01/06, 9.87, 9.87, 9.78, 9.83, 19349.9988777
01/31/06, 9.99, 10.00, 9.86, 9.89, 29699.9982774001
01/30/06, 10.02, 10.02, 9.93, 9.96, 9449.99945190002
01/26/06, 10.00, 10.00, 10.00, 10.00, 19349.9988777
01/25/06, 10.00, 10.00, 9.94, 9.97, 11249.9993475
01/24/06, 10.03, 10.03, 10.00, 10.00, 14849.9991387
01/23/06, 10.33, 10.33, 10.06, 10.06, 53999.9968680001
01/19/06, 10.33, 10.33, 10.32, 10.32, 4049.99976510001
01/18/06, 10.28, 10.33, 10.28, 10.32, 106199.9938404
01/17/06, 10.36, 10.36, 10.28, 10.32, 108899.9936838
01/09/06, 10.33, 10.33, 10.11, 10.13, 46349.9973117001
01/05/06, 10.33, 10.33, 10.22, 10.27, 7199.99958240002
01/04/06, 10.43, 10.44, 10.33, 10.39, 4499.99973900001
01/03/06, 10.23, 10.33, 10.23, 10.28, 2249.99986950001
01/02/06, 10.33, 10.44, 10.29, 10.33, 9899.99942580002
12/29/05, 10.56, 10.56, 10.34, 10.39, 14399.9991648
12/28/05, 10.56, 10.56, 10.33, 10.39, 15299.9991126
12/27/05, 10.59, 10.59, 10.39, 10.47, 10349.9993997
12/26/05, 10.59, 10.60, 10.57, 10.58, 9449.99945190002
12/22/05, 10.83, 10.84, 10.67, 10.77, 13049.9992431
12/21/05, 10.89, 11.08, 10.56, 10.88, 9899.99942580002
12/20/05, 10.13, 10.13, 10.11, 10.11, 5399.99968680001
12/15/05, 10.28, 10.33, 10.11, 10.14, 8549.99950410002
12/14/05, 10.29, 10.29, 10.14, 10.20, 5849.99966070002
12/13/05, 10.22, 10.22, 10.17, 10.21, 19349.9988777
12/12/05, 10.32, 10.33, 10.32, 10.32, 19349.9988777
12/08/05, 10.26, 10.44, 10.26, 10.34, 5399.99968680001
12/07/05, 10.17, 10.23, 10.12, 10.14, 10799.9993736
12/05/05, 10.12, 10.12, 10.12, 10.12, 449.999973900001
11/30/05, 10.00, 10.33, 10.00, 10.16, 44099.9974422001
11/29/05, 10.42, 10.44, 10.36, 10.40, 28799.9983296001
11/28/05, 10.61, 10.61, 10.50, 10.52, 27449.9984079001
11/23/05, 10.61, 10.68, 10.51, 10.61, 29699.9982774001
11/22/05, 10.72, 10.78, 10.48, 10.56, 20249.9988255
11/21/05, 10.67, 10.67, 10.56, 10.58, 12599.9992692
11/17/05, 10.94, 10.94, 10.78, 10.82, 13499.999217
11/16/05, 10.89, 11.00, 10.89, 10.98, 7649.99955630002
11/15/05, 11.10, 11.10, 10.80, 10.92, 8999.99947800002
11/14/05, 10.83, 11.10, 10.78, 10.92, 10349.9993997
11/10/05, 11.10, 11.10, 10.79, 10.87, 9449.99945190002
11/09/05, 10.94, 10.94, 10.78, 10.83, 7649.99955630002
11/08/05, 11.06, 11.10, 11.00, 11.04, 24299.9985906001
10/31/05, 11.00, 11.00, 10.86, 10.90, 16199.9990604
10/27/05, 11.00, 11.00, 10.89, 10.96, 10799.9993736
10/26/05, 11.11, 11.11, 11.00, 11.04, 8999.99947800002
10/25/05, 11.00, 11.11, 11.00, 11.09, 6749.99960850002
10/24/05, 10.91, 10.93, 10.83, 10.87, 13949.9991909
10/20/05, 11.17, 11.17, 11.03, 11.14, 14849.9991387
10/19/05, 11.11, 11.17, 11.11, 11.16, 8099.99953020002
10/18/05, 11.11, 11.11, 11.11, 11.11, 4499.99973900001
10/17/05, 11.22, 11.22, 11.22, 11.22, 899.999947800002
10/12/05, 11.13, 11.13, 11.11, 11.12, 2249.99986950001
10/11/05, 11.11, 11.22, 11.11, 11.14, 6299.99963460002
10/10/05, 11.02, 11.02, 11.02, 11.02, 4049.99976510001
10/06/05, 11.30, 11.44, 11.30, 11.36, 5399.99968680001
10/04/05, 11.67, 11.67, 11.33, 11.44, 23849.9986167001
10/03/05, 11.30, 11.44, 11.30, 11.39, 21599.9987472001
09/29/05, 11.44, 11.44, 11.33, 11.42, 6299.99963460002
09/28/05, 11.22, 11.44, 11.22, 11.27, 14849.9991387
09/27/05, 11.22, 11.24, 11.22, 11.22, 9449.99945190002
09/26/05, 11.27, 11.28, 11.22, 11.23, 30599.9982252001
09/22/05, 11.39, 11.39, 11.28, 11.31, 19799.9988516
09/19/05, 11.28, 11.43, 11.28, 11.32, 11249.9993475
09/15/05, 11.34, 11.39, 11.29, 11.33, 20249.9988255
09/14/05, 11.67, 11.67, 11.29, 11.32, 26999.9984340001
09/13/05, 11.33, 11.61, 11.33, 11.44, 24299.9985906001
09/12/05, 11.43, 11.43, 11.28, 11.32, 50399.9970768001
09/08/05, 11.44, 11.56, 11.33, 11.38, 31049.9981991001
09/07/05, 11.67, 11.67, 11.34, 11.46, 21599.9987472001
09/06/05, 11.67, 11.67, 11.40, 11.60, 9899.99942580002
09/05/05, 11.66, 11.67, 11.44, 11.56, 17549.9989821
09/01/05, 11.51, 11.53, 11.51, 11.52, 10349.9993997
08/31/05, 11.56, 11.57, 11.51, 11.54, 23849.9986167001
08/30/05, 11.56, 11.72, 11.56, 11.68, 14399.9991648
08/29/05, 11.78, 11.78, 11.57, 11.61, 10349.9993997
08/25/05, 11.56, 11.56, 11.44, 11.47, 8999.99947800002
08/24/05, 11.67, 11.67, 11.58, 11.59, 4499.99973900001
08/23/05, 11.58, 11.66, 11.58, 11.60, 1349.9999217
08/22/05, 11.56, 11.67, 11.56, 11.63, 9899.99942580002
08/17/05, 11.61, 11.61, 11.50, 11.58, 25199.9985384001
08/16/05, 11.56, 11.56, 11.47, 11.48, 14849.9991387
08/15/05, 11.76, 11.76, 11.76, 11.76, 899.999947800002
08/11/05, 11.64, 11.64, 11.50, 11.59, 1349.9999217
08/10/05, 11.56, 11.56, 11.56, 11.56, 10799.9993736
08/09/05, 11.56, 11.67, 11.44, 11.49, 14399.9991648
08/08/05, 11.67, 11.72, 11.56, 11.63, 35999.9979120001
08/04/05, 11.52, 11.53, 11.46, 11.50, 8099.99953020002
08/03/05, 11.56, 11.56, 11.50, 11.53, 1349.9999217
08/02/05, 11.46, 11.46, 11.44, 11.44, 4049.99976510001
07/28/05, 11.69, 11.78, 11.57, 11.64, 17549.9989821
07/27/05, 11.83, 11.83, 11.67, 11.72, 11249.9993475
07/26/05, 11.79, 11.83, 11.78, 11.80, 17549.9989821
07/21/05, 12.02, 12.02, 11.80, 11.94, 32849.9980947001
07/20/05, 12.22, 12.22, 11.82, 11.90, 41399.9975988001
07/19/05, 12.33, 12.33, 12.33, 12.33, 449.999973900001
07/18/05, 12.28, 12.44, 12.28, 12.42, 9449.99945190002
07/14/05, 12.22, 12.22, 12.11, 12.20, 13949.9991909
07/13/05, 12.34, 12.34, 12.00, 12.08, 26099.9984862001
07/12/05, 12.67, 12.67, 12.22, 12.26, 36449.9978859001
07/11/05, 12.67, 12.72, 12.63, 12.67, 18899.9989038
07/07/05, 13.00, 13.03, 13.00, 13.00, 7199.99958240002
07/06/05, 13.17, 13.17, 13.00, 13.04, 61199.9964504002
07/05/05, 13.18, 13.18, 13.17, 13.17, 5399.99968680001
07/04/05, 13.17, 13.22, 13.17, 13.17, 30599.9982252001
06/29/05, 13.69, 13.72, 13.30, 13.63, 142649.9917263
06/28/05, 13.61, 13.67, 13.28, 13.51, 81449.9952759002
06/27/05, 13.70, 13.71, 13.33, 13.58, 26999.9984340001
06/23/05, 13.56, 13.56, 13.11, 13.18, 41399.9975988001
06/22/05, 13.22, 13.44, 13.09, 13.21, 39599.9977032001
06/21/05, 13.54, 13.54, 13.11, 13.19, 45449.9973639001
06/20/05, 13.50, 13.50, 13.22, 13.26, 51749.9969985001
06/16/05, 13.60, 13.60, 13.33, 13.47, 53099.9969202001
06/15/05, 13.60, 13.60, 13.33, 13.49, 37799.9978076001
06/14/05, 13.58, 13.60, 13.50, 13.53, 23849.9986167001
06/13/05, 13.67, 13.67, 13.34, 13.54, 4949.99971290001
06/09/05, 13.44, 13.54, 13.22, 13.46, 14399.9991648
06/08/05, 13.56, 13.56, 13.22, 13.39, 35549.9979381001
06/07/05, 13.56, 13.56, 13.18, 13.40, 56699.9967114001
06/06/05, 13.33, 13.60, 13.17, 13.54, 38249.9977815001
06/02/05, 13.67, 13.67, 13.33, 13.58, 15299.9991126
06/01/05, 13.61, 13.64, 13.32, 13.54, 45899.9973378001
05/31/05, 13.43, 13.56, 13.13, 13.48, 85499.9950410002
05/30/05, 13.44, 13.44, 13.12, 13.36, 61649.9964243002
05/26/05, 13.43, 13.44, 13.19, 13.38, 10799.9993736
05/25/05, 13.33, 13.48, 12.90, 13.42, 28799.9983296001
05/24/05, 13.44, 13.56, 13.33, 13.42, 44549.9974161001
05/23/05, 13.33, 13.61, 13.22, 13.44, 44999.9973900001
05/19/05, 13.33, 13.54, 12.76, 13.48, 64349.9962677002
05/17/05, 13.22, 13.48, 13.11, 13.46, 99449.9942319002
05/16/05, 12.87, 13.18, 12.83, 13.13, 102149.9940753
05/12/05, 12.37, 12.77, 12.37, 12.71, 60749.9964765002
05/11/05, 12.64, 12.76, 12.34, 12.72, 77399.9955108002
05/10/05, 12.31, 12.62, 11.89, 12.36, 143099.9917002
05/09/05, 12.33, 12.33, 12.11, 12.21, 61199.9964504002
05/05/05, 11.44, 11.44, 11.22, 11.28, 57599.9966592002
05/04/05, 11.00, 11.66, 11.00, 11.56, 112499.993475
05/03/05, 11.11, 11.67, 10.91, 11.43, 158849.9907867
05/02/05, 12.00, 12.00, 10.89, 11.03, 68849.9960067002
04/25/05, 13.32, 13.32, 13.17, 13.22, 15299.9991126
04/21/05, 13.17, 13.19, 13.06, 13.13, 25199.9985384001
04/20/05, 13.09, 13.13, 12.98, 13.08, 34199.9980164001
04/19/05, 13.10, 13.20, 13.00, 13.08, 12149.9992953
04/18/05, 13.22, 13.22, 12.86, 12.89, 29249.9983035001
04/13/05, 13.07, 13.32, 13.04, 13.20, 43199.9974944001
04/12/05, 13.22, 13.22, 13.11, 13.17, 34199.9980164001
04/11/05, 13.22, 13.22, 13.14, 13.19, 35099.9979642001
04/07/05, 13.33, 13.44, 13.31, 13.36, 36899.9978598001
04/06/05, 13.58, 13.58, 13.22, 13.24, 23849.9986167001
04/05/05, 13.61, 13.77, 13.47, 13.56, 42299.9975466001
04/04/05, 13.89, 13.89, 13.39, 13.63, 118349.9931357
03/30/05, 13.22, 13.33, 13.22, 13.22, 97649.9943363002
03/29/05, 13.56, 13.56, 13.32, 13.33, 168749.9902125
03/28/05, 13.78, 13.78, 13.56, 13.62, 54899.9968158001
03/24/05, 14.00, 14.00, 13.96, 13.99, 13499.999217
03/23/05, 14.22, 14.22, 13.96, 14.03, 56699.9967114001
03/22/05, 14.00, 14.02, 13.98, 13.99, 29699.9982774001
03/21/05, 13.89, 14.11, 13.89, 14.07, 111599.9935272
03/17/05, 13.67, 14.00, 13.67, 13.88, 27899.9983818001
03/16/05, 13.79, 13.97, 13.44, 13.82, 284399.983504801
03/15/05, 14.00, 14.11, 13.89, 13.97, 93149.9945973002
03/14/05, 14.56, 14.56, 14.00, 14.14, 68399.9960328002
03/10/05, 13.67, 14.00, 13.67, 13.91, 85049.9950671002
03/09/05, 13.56, 13.73, 13.50, 13.64, 71999.9958240002
03/08/05, 13.61, 13.67, 13.56, 13.58, 105749.9938665
03/07/05, 13.67, 13.83, 13.58, 13.64, 31949.9981469001
03/03/05, 14.11, 14.11, 14.06, 14.09, 58949.9965809002
03/02/05, 14.20, 14.22, 14.13, 14.17, 35099.9979642001
03/01/05, 14.11, 14.22, 14.11, 14.16, 39149.9977293001
02/28/05, 14.22, 14.22, 14.09, 14.12, 13499.999217
02/24/05, 14.22, 14.23, 14.18, 14.21, 74249.9956935002
02/23/05, 14.11, 14.22, 14.11, 14.17, 9449.99945190002
02/22/05, 14.33, 14.33, 14.07, 14.20, 23399.9986428001
02/17/05, 14.57, 14.88, 14.44, 14.58, 37799.9978076001
02/16/05, 14.54, 14.76, 14.49, 14.62, 54449.9968419001
02/10/05, 14.44, 14.78, 14.44, 14.68, 79649.9953803002
02/09/05, 14.17, 14.44, 14.11, 14.22, 61649.9964243002
02/08/05, 14.12, 14.28, 14.12, 14.21, 7649.99955630002
02/07/05, 14.44, 14.44, 14.26, 14.33, 20699.9987994
02/02/05, 14.72, 14.72, 14.56, 14.66, 25199.9985384001
02/01/05, 14.78, 14.78, 14.23, 14.50, 51299.9970246001
01/27/05, 14.90, 14.90, 14.78, 14.83, 26099.9984862001
01/26/05, 15.11, 15.11, 14.82, 14.90, 20249.9988255
01/25/05, 14.96, 14.96, 14.80, 14.90, 15299.9991126
01/24/05, 15.00, 15.00, 14.94, 14.96, 20699.9987994
01/19/05, 14.91, 14.94, 14.88, 14.89, 56249.9967375001
01/18/05, 15.00, 15.00, 14.78, 14.87, 12599.9992692
01/17/05, 14.94, 14.98, 14.81, 14.92, 22949.9986689001
01/13/05, 14.73, 15.00, 14.72, 14.90, 53999.9968680001
01/12/05, 14.56, 15.11, 14.56, 14.98, 58049.9966331002
01/11/05, 14.91, 14.91, 14.33, 14.63, 61199.9964504002
01/10/05, 15.06, 15.06, 14.89, 14.90, 54899.9968158001
01/06/05, 15.00, 15.39, 15.00, 15.27, 45449.9973639001
01/05/05, 15.22, 15.52, 15.01, 15.13, 34199.9980164001
01/04/05, 15.39, 15.39, 15.02, 15.19, 20699.9987994
01/03/05, 15.41, 15.44, 15.39, 15.40, 32399.9981208001
12/30/04, 15.67, 15.67, 15.44, 15.51, 28349.9983557001
12/29/04, 15.61, 15.61, 15.36, 15.47, 28799.9983296001
12/28/04, 15.56, 15.56, 15.39, 15.48, 32399.9981208001
12/27/04, 15.76, 15.76, 15.56, 15.60, 60749.9964765002
12/23/04, 15.61, 15.78, 15.56, 15.68, 69299.9959806002
12/22/04, 15.68, 15.83, 15.66, 15.78, 104849.9939187
12/21/04, 15.89, 15.89, 15.78, 15.78, 94949.9944929002
12/20/04, 15.91, 15.91, 15.82, 15.83, 76499.9955630002
12/15/04, 15.80, 15.97, 15.78, 15.88, 101249.9941275
12/14/04, 15.89, 15.89, 15.78, 15.84, 144449.9916219
12/13/04, 15.92, 15.94, 15.78, 15.80, 185399.9892468
12/09/04, 16.11, 16.11, 15.98, 16.00, 102599.9940492
12/08/04, 16.10, 16.11, 16.00, 16.06, 95399.9944668002
12/07/04, 15.97, 16.11, 15.97, 15.99, 80549.9953281002
12/06/04, 16.17, 16.17, 15.98, 15.99, 158399.9908128
12/02/04, 16.01, 16.06, 15.94, 15.99, 31049.9981991001
12/01/04, 16.43, 16.43, 16.06, 16.10, 43649.9974683001
11/30/04, 16.33, 16.41, 16.09, 16.11, 157949.9908389
11/29/04, 16.33, 16.42, 16.23, 16.30, 169649.9901603
11/25/04, 16.44, 16.78, 16.33, 16.48, 246149.985723301
11/24/04, 15.83, 16.21, 15.83, 16.12, 148949.9913609
11/23/04, 16.11, 16.11, 15.78, 15.99, 100799.9941536
11/22/04, 15.80, 15.88, 15.57, 15.66, 81449.9952759002
11/18/04, 16.02, 16.11, 15.99, 16.03, 34199.9980164001
11/17/04, 16.01, 16.06, 15.99, 16.03, 7649.99955630002
11/10/04, 15.89, 16.11, 15.89, 16.06, 30599.9982252001
11/09/04, 15.92, 15.92, 15.88, 15.89, 63449.9963199002
11/08/04, 15.96, 16.06, 15.94, 15.97, 17999.998956
11/04/04, 16.06, 16.11, 15.96, 15.99, 78299.9954586002
11/03/04, 16.08, 16.11, 16.00, 16.07, 29249.9983035001
11/02/04, 16.17, 16.23, 16.13, 16.17, 104399.9939448
10/28/04, 16.33, 16.44, 16.17, 16.33, 29699.9982774001
10/27/04, 16.33, 16.44, 16.33, 16.34, 89549.9948061002
10/26/04, 16.44, 16.44, 16.33, 16.42, 76949.9955369002
10/25/04, 16.50, 16.56, 16.39, 16.44, 109799.9936316
10/21/04, 16.28, 16.33, 16.24, 16.27, 83699.9951454002
10/20/04, 16.18, 16.33, 16.17, 16.23, 45899.9973378001
10/19/04, 16.23, 16.23, 16.13, 16.16, 100349.9941797
10/18/04, 16.44, 16.44, 16.18, 16.22, 99449.9942319002
10/14/04, 16.52, 16.52, 16.29, 16.33, 125549.9927181
10/13/04, 16.66, 16.67, 16.44, 16.52, 77849.9954847002
10/12/04, 16.56, 16.61, 16.52, 16.56, 56699.9967114001
10/11/04, 16.79, 16.79, 16.56, 16.57, 61649.9964243002
10/07/04, 16.84, 17.09, 16.78, 17.03, 53999.9968680001
10/06/04, 16.94, 17.00, 16.78, 16.79, 87749.9949105002
10/05/04, 16.90, 17.06, 16.79, 16.89, 175499.989821
10/04/04, 17.06, 17.17, 16.94, 16.94, 98549.9942841002
09/23/04, 17.67, 17.67, 17.23, 17.42, 115649.9932923
09/22/04, 17.22, 17.94, 17.22, 17.52, 333449.980659901
09/21/04, 16.94, 17.22, 16.83, 17.07, 249749.985514501
09/20/04, 16.82, 16.83, 16.72, 16.80, 156149.9909433
09/09/04, 16.76, 16.78, 16.67, 16.76, 34199.9980164001
09/08/04, 16.67, 16.67, 16.41, 16.50, 76949.9955369002
09/07/04, 16.62, 16.70, 16.61, 16.67, 82349.9952237002
09/02/04, 16.44, 16.50, 16.44, 16.44, 100349.9941797
09/01/04, 16.47, 16.88, 16.44, 16.47, 87299.9949366002
08/31/04, 16.67, 16.72, 16.33, 16.67, 123299.9928486
08/26/04, 16.37, 16.44, 16.33, 16.37, 28799.9983296001
08/23/04, 16.48, 16.53, 16.44, 16.48, 51749.9969985001
08/19/04, 16.66, 16.87, 16.64, 16.66, 131849.9923527
08/18/04, 16.66, 16.73, 16.63, 16.66, 96299.9944146002
08/17/04, 16.73, 16.78, 16.68, 16.73, 42299.9975466001
08/16/04, 16.69, 16.93, 16.67, 16.69, 91799.9946756002
08/12/04, 16.68, 16.77, 16.67, 16.68, 28349.9983557001
08/11/04, 16.67, 16.78, 16.56, 16.67, 28799.9983296001
08/10/04, 16.71, 16.78, 16.56, 16.71, 28799.9983296001
08/09/04, 16.78, 16.89, 16.64, 16.78, 36899.9978598001
08/05/04, 16.74, 17.19, 16.69, 16.74, 31499.9981730001
08/04/04, 17.19, 17.22, 16.63, 17.19, 88199.9948844002
08/03/04, 16.66, 16.67, 16.33, 16.66, 138599.9919612
08/02/04, 16.31, 16.37, 16.22, 16.31, 70199.9959284002
07/29/04, 16.18, 16.28, 16.11, 16.18, 20249.9988255
07/28/04, 16.13, 16.17, 16.11, 16.13, 8549.99950410002
07/27/04, 16.19, 16.42, 16.11, 16.19, 22049.9987211001
07/26/04, 16.09, 16.11, 15.89, 16.09, 19349.9988777
07/22/04, 15.82, 15.88, 15.80, 15.82, 1349.9999217
07/21/04, 15.69, 16.00, 15.57, 15.69, 14399.9991648
07/20/04, 16.13, 16.17, 16.11, 16.13, 5849.99966070002
07/12/04, 16.21, 16.21, 16.21, 16.21, 126449.9926659
07/08/04, 16.46, 16.46, 16.46, 16.46, 54899.9968158001
07/07/04, 16.64, 16.64, 16.64, 16.64, 32849.9980947001
07/06/04, 16.66, 16.66, 16.66, 16.66, 163349.9905257
07/05/04, 16.63, 16.63, 16.63, 16.63, 98999.9942580002
06/30/04, 16.82, 16.82, 16.82, 16.82, 176849.9897427
06/29/04, 16.73, 16.73, 16.73, 16.73, 127799.9925876
06/28/04, 16.68, 16.68, 16.68, 16.68, 133199.9922744
06/24/04, 16.68, 16.68, 16.68, 16.68, 67049.9961111002
06/23/04, 16.56, 16.56, 16.56, 16.56, 176399.9897688
06/22/04, 16.60, 16.60, 16.60, 16.60, 175049.9898471
06/21/04, 16.61, 16.61, 16.61, 16.61, 344249.980033501
06/17/04, 16.64, 16.64, 16.64, 16.64, 161999.990604
06/16/04, 16.52, 16.52, 16.52, 16.52, 147149.9914653
06/15/04, 16.62, 16.62, 16.62, 16.62, 122849.9928747
06/14/04, 16.57, 16.57, 16.57, 16.57, 125099.9927442
06/10/04, 16.86, 16.86, 16.86, 16.86, 247949.985618901
06/09/04, 16.80, 16.80, 16.80, 16.80, 99449.9942319002
06/08/04, 16.88, 16.88, 16.88, 16.88, 97649.9943363002
06/07/04, 16.67, 16.67, 16.67, 16.67, 421199.975570401
06/03/04, 16.10, 16.10, 16.10, 16.10, 69299.9959806002
06/02/04, 16.01, 16.01, 16.01, 16.01, 61649.9964243002
06/01/04, 16.09, 16.09, 16.09, 16.09, 30149.9982513001
05/31/04, 16.13, 16.13, 16.13, 16.13, 77399.9955108002
05/27/04, 15.78, 15.78, 15.78, 15.78, 127799.9925876
05/26/04, 15.93, 15.93, 15.93, 15.93, 40049.9976771001
05/25/04, 16.03, 16.03, 16.03, 16.03, 8549.99950410002
05/24/04, 16.12, 16.12, 16.12, 16.12, 16649.9990343
05/20/04, 16.41, 16.41, 16.41, 16.41, 67049.9961111002
05/19/04, 16.33, 16.33, 16.33, 16.33, 129149.9925093
05/18/04, 16.37, 16.37, 16.37, 16.37, 35099.9979642001
05/17/04, 16.32, 16.32, 16.32, 16.32, 36899.9978598001
05/13/04, 16.38, 16.38, 16.38, 16.38, 38249.9977815001
05/12/04, 16.49, 16.49, 16.49, 16.49, 46349.9973117001
05/11/04, 16.41, 16.41, 16.41, 16.41, 45449.9973639001
05/10/04, 16.38, 16.38, 16.38, 16.38, 117449.9931879
05/06/04, 16.59, 16.59, 16.59, 16.59, 237149.986245301
05/05/04, 16.50, 16.50, 16.50, 16.50, 242099.985958201
04/27/04, 16.79, 16.79, 16.79, 16.79, 317249.981599501
04/26/04, 16.44, 16.44, 16.44, 16.44, 152549.9911521
04/22/04, 16.92, 16.92, 16.92, 16.92, 439199.974526401
04/21/04, 16.89, 16.89, 16.89, 16.89, 844199.951036402
04/20/04, 16.99, 16.99, 16.99, 16.99, 444149.974239301
04/19/04, 16.50, 16.50, 16.50, 16.50, 579599.966383202
04/15/04, 15.79, 15.79, 15.79, 15.79, 116999.993214
04/13/04, 15.96, 15.96, 15.96, 15.96, 224999.986950001
04/12/04, 16.21, 16.21, 16.21, 16.21, 247049.985671101
04/06/04, 16.08, 16.08, 16.08, 16.08, 554399.967844801
04/05/04, 15.80, 15.80, 15.80, 15.80, 197099.9885682
04/01/04, 15.00, 15.00, 15.00, 15.00, 47699.9972334001
03/31/04, 14.89, 14.89, 14.89, 14.89, 34199.9980164001
03/30/04, 14.91, 14.91, 14.91, 14.91, 70649.9959023002
03/29/04, 14.91, 14.91, 14.91, 14.91, 21599.9987472001
03/25/04, 14.91, 14.91, 14.91, 14.91, 40499.9976510001
03/24/04, 14.94, 14.94, 14.94, 14.94, 69299.9959806002
03/23/04, 15.00, 15.00, 15.00, 15.00, 93149.9945973002
03/22/04, 15.02, 15.02, 15.02, 15.02, 67499.9960850002
03/18/04, 14.88, 14.88, 14.88, 14.88, 35549.9979381001
03/17/04, 14.90, 14.90, 14.90, 14.90, 76499.9955630002
03/16/04, 15.00, 15.00, 15.00, 15.00, 93149.9945973002
03/15/04, 14.92, 14.92, 14.92, 14.92, 98549.9942841002
03/11/04, 15.02, 15.02, 15.02, 15.02, 136349.9920917
03/10/04, 15.09, 15.09, 15.09, 15.09, 80099.9953542002
03/09/04, 14.98, 14.98, 14.98, 14.98, 142199.9917524
03/08/04, 14.77, 14.77, 14.77, 14.77, 114299.9933706
03/04/04, 14.50, 14.50, 14.50, 14.50, 54899.9968158001
03/03/04, 14.50, 14.50, 14.50, 14.50, 58499.9966070002
03/01/04, 14.53, 14.53, 14.53, 14.53, 56699.9967114001
02/26/04, 14.50, 14.50, 14.50, 14.50, 49049.9971551001
02/25/04, 14.50, 14.50, 14.50, 14.50, 37799.9978076001
02/24/04, 14.50, 14.50, 14.50, 14.50, 32399.9981208001
02/23/04, 14.41, 14.41, 14.41, 14.41, 23849.9986167001
02/19/04, 14.57, 14.57, 14.57, 14.57, 28799.9983296001
02/18/04, 14.57, 14.57, 14.57, 14.57, 22949.9986689001
02/17/04, 14.56, 14.56, 14.56, 14.56, 53999.9968680001
02/11/04, 14.66, 14.66, 14.66, 14.66, 45449.9973639001
02/10/04, 14.70, 14.70, 14.70, 14.70, 61199.9964504002
02/09/04, 14.67, 14.67, 14.67, 14.67, 15749.9990865
02/05/04, 14.73, 14.73, 14.73, 14.73, 34199.9980164001
02/04/04, 14.71, 14.71, 14.71, 14.71, 46799.9972856001
01/29/04, 14.53, 14.53, 14.53, 14.53, 30599.9982252001
01/28/04, 14.51, 14.51, 14.51, 14.51, 55799.9967636001
01/27/04, 14.59, 14.59, 14.59, 14.59, 82349.9952237002
01/26/04, 14.59, 14.59, 14.59, 14.59, 72449.9957979002
01/22/04, 14.58, 14.58, 14.58, 14.58, 47699.9972334001
01/21/04, 14.57, 14.57, 14.57, 14.57, 86849.9949627002
01/20/04, 14.60, 14.60, 14.60, 14.60, 61199.9964504002
01/19/04, 14.57, 14.57, 14.57, 14.57, 137699.9920134
01/15/04, 14.88, 14.88, 14.88, 14.88, 184499.989299
01/14/04, 14.84, 14.84, 14.84, 14.84, 102599.9940492
01/13/04, 14.67, 14.67, 14.67, 14.67, 62099.9963982002
01/12/04, 14.81, 14.81, 14.81, 14.81, 166499.990343
01/08/04, 14.39, 14.39, 14.39, 14.39, 30599.9982252001
01/07/04, 14.40, 14.40, 14.40, 14.40, 84149.9951193002
01/06/04, 14.57, 14.57, 14.57, 14.57, 40499.9976510001
01/05/04, 14.54, 14.54, 14.54, 14.54, 138599.9919612
12/30/03, 14.83, 14.83, 14.83, 14.83, 183599.9893512
12/29/03, 15.04, 15.04, 15.04, 15.04, 120599.9930052
12/24/03, 15.32, 15.32, 15.32, 15.32, 349649.979720301
12/23/03, 14.67, 14.67, 14.67, 14.67, 171899.9900298
12/22/03, 14.42, 14.42, 14.42, 14.42, 248849.985566701
12/18/03, 13.92, 13.92, 13.92, 13.92, 106199.9938404
12/17/03, 14.27, 14.27, 14.27, 14.27, 125549.9927181
12/15/03, 13.49, 13.49, 13.49, 13.49, 261449.984835901
12/11/03, 14.03, 14.03, 14.03, 14.03, 189449.9890119
12/10/03, 14.29, 14.29, 14.29, 14.29, 173699.9899254
12/09/03, 13.91, 13.91, 13.91, 13.91, 364049.978885101
12/08/03, 15.02, 15.02, 15.02, 15.02, 223649.987028301
12/04/03, 15.94, 15.94, 15.94, 15.94, 778499.954847002
12/03/03, 15.50, 15.50, 15.50, 15.50, 649799.962311602
12/02/03, 15.59, 15.59, 15.59, 15.59, 664649.961450302
12/01/03, 14.19, 14.19, 14.19, 14.19, 535499.968941001
11/20/03, 12.70, 12.70, 12.70, 12.70, 263699.984705401
11/19/03, 12.66, 12.66, 12.66, 12.66, 132299.9923266
11/18/03, 12.79, 12.79, 12.79, 12.79, 189899.9889858
11/17/03, 12.93, 12.93, 12.93, 12.93, 280799.983713601
11/13/03, 11.59, 11.59, 11.59, 11.59, 61649.9964243002
11/12/03, 11.43, 11.43, 11.43, 11.43, 21149.9987733001
11/11/03, 11.40, 11.40, 11.40, 11.40, 18899.9989038
11/10/03, 11.38, 11.38, 11.38, 11.38, 5399.99968680001
11/06/03, 11.44, 11.44, 11.44, 11.44, 32849.9980947001
11/05/03, 11.52, 11.52, 11.52, 11.52, 118799.9931096
11/04/03, 11.47, 11.47, 11.47, 11.47, 58949.9965809002
11/03/03, 11.44, 11.44, 11.44, 11.44, 28349.9983557001
10/30/03, 11.10, 11.10, 11.10, 11.10, 29699.9982774001
10/29/03, 11.12, 11.12, 11.12, 11.12, 2699.99984340001
10/28/03, 11.09, 11.09, 11.09, 11.09, 5849.99966070002
10/27/03, 11.10, 11.10, 11.10, 11.10, 16649.9990343
10/23/03, 11.16, 11.16, 11.16, 11.16, 52649.9969463001
10/22/03, 11.03, 11.03, 11.03, 11.03, 14399.9991648
10/21/03, 11.00, 11.00, 11.00, 11.00, 17999.998956
10/20/03, 10.99, 10.99, 10.99, 10.99, 25649.9985123001
10/16/03, 10.93, 10.93, 10.93, 10.93, 3149.99981730001
10/15/03, 10.91, 10.91, 10.91, 10.91, 5399.99968680001
10/14/03, 10.91, 10.91, 10.91, 10.91, 1349.9999217
10/13/03, 10.92, 10.92, 10.92, 10.92, 6299.99963460002
10/09/03, 10.92, 10.92, 10.92, 10.92, 899.999947800002
10/08/03, 10.99, 10.99, 10.99, 10.99, 1349.9999217
10/07/03, 10.92, 10.92, 10.92, 10.92, 2249.99986950001
10/06/03, 10.91, 10.91, 10.91, 10.91, 1349.9999217
10/02/03, 10.89, 10.89, 10.89, 10.89, 1349.9999217
10/01/03, 10.90, 10.90, 10.90, 10.90, 2249.99986950001
09/30/03, 10.92, 10.92, 10.92, 10.92, 1799.9998956
09/29/03, 10.88, 10.88, 10.88, 10.88, 8999.99947800002
09/25/03, 11.21, 11.21, 11.21, 11.21, 30599.9982252001
09/24/03, 11.13, 11.13, 11.13, 11.13, 49049.9971551001
09/23/03, 11.08, 11.08, 11.08, 11.08, 4949.99971290001
09/22/03, 11.07, 11.07, 11.07, 11.07, 11249.9993475
09/18/03, 11.04, 11.04, 11.04, 11.04, 22499.9986950001
09/17/03, 11.04, 11.04, 11.04, 11.04, 24299.9985906001
09/15/03, 11.04, 11.04, 11.04, 11.04, 21149.9987733001
09/11/03, 11.12, 11.12, 11.12, 11.12, 8999.99947800002
09/10/03, 11.09, 11.09, 11.09, 11.09, 11249.9993475
09/09/03, 11.10, 11.10, 11.10, 11.10, 20249.9988255
09/08/03, 11.10, 11.10, 11.10, 11.10, 15749.9990865
09/04/03, 11.18, 11.18, 11.18, 11.18, 19799.9988516
09/03/03, 11.17, 11.17, 11.17, 11.17, 109349.9936577
09/02/03, 11.13, 11.13, 11.13, 11.13, 8999.99947800002
09/01/03, 11.11, 11.11, 11.11, 11.11, 21599.9987472001
08/27/03, 11.11, 11.11, 11.11, 11.11, 61199.9964504002
08/26/03, 11.09, 11.09, 11.09, 11.09, 36449.9978859001
08/25/03, 11.07, 11.07, 11.07, 11.07, 19799.9988516
08/21/03, 11.08, 11.08, 11.08, 11.08, 21149.9987733001
08/20/03, 11.07, 11.07, 11.07, 11.07, 20699.9987994
08/18/03, 11.17, 11.17, 11.17, 11.17, 31499.9981730001
08/14/03, 11.01, 11.01, 11.01, 11.01, 26549.9984601001
08/13/03, 10.97, 10.97, 10.97, 10.97, 66149.9961633002
08/12/03, 10.99, 10.99, 10.99, 10.99, 64349.9962677002
08/11/03, 11.00, 11.00, 11.00, 11.00, 24749.9985645001
08/07/03, 11.02, 11.02, 11.02, 11.02, 24299.9985906001
08/06/03, 11.09, 11.09, 11.09, 11.09, 57149.9966853002
08/05/03, 11.10, 11.10, 11.10, 11.10, 105299.9938926
08/04/03, 10.94, 10.94, 10.94, 10.94, 26549.9984601001
07/31/03, 10.93, 10.93, 10.93, 10.93, 59849.9965287002
07/30/03, 10.90, 10.90, 10.90, 10.90, 45449.9973639001
07/29/03, 10.93, 10.93, 10.93, 10.93, 51299.9970246001
07/28/03, 10.91, 10.91, 10.91, 10.91, 42299.9975466001
07/24/03, 11.12, 11.12, 11.12, 11.12, 80099.9953542002
07/23/03, 11.11, 11.11, 11.11, 11.11, 83249.9951715002
07/22/03, 11.18, 11.18, 11.18, 11.18, 76499.9955630002
07/21/03, 11.12, 11.12, 11.12, 11.12, 224549.986976101
07/17/03, 11.18, 11.18, 11.18, 11.18, 214199.987576401
07/16/03, 10.99, 10.99, 10.99, 10.99, 53099.9969202001
07/15/03, 10.97, 10.97, 10.97, 10.97, 74699.9956674002
07/14/03, 10.92, 10.92, 10.92, 10.92, 68849.9960067002
07/10/03, 11.07, 11.07, 11.07, 11.07, 103499.993997
07/09/03, 10.99, 10.99, 10.99, 10.99, 109349.9936577
07/08/03, 10.93, 10.93, 10.93, 10.93, 33299.9980686001
07/07/03, 10.91, 10.91, 10.91, 10.91, 35549.9979381001
07/03/03, 10.91, 10.91, 10.91, 10.91, 52199.9969724001
07/02/03, 11.00, 11.00, 11.00, 11.00, 92249.9946495002
06/30/03, 11.09, 11.09, 11.09, 11.09, 301949.982486901
06/26/03, 11.08, 11.08, 11.08, 11.08, 179549.9895861
06/25/03, 10.89, 10.89, 10.89, 10.89, 72899.9957718002
06/24/03, 10.87, 10.87, 10.87, 10.87, 139499.991909
06/23/03, 10.89, 10.89, 10.89, 10.89, 151199.9912304
06/19/03, 10.66, 10.66, 10.66, 10.66, 13949.9991909
06/18/03, 10.68, 10.68, 10.68, 10.68, 98549.9942841002
06/17/03, 10.60, 10.60, 10.60, 10.60, 84599.9950932002
06/16/03, 10.48, 10.48, 10.48, 10.48, 60299.9965026002
06/12/03, 10.21, 10.21, 10.21, 10.21, 10799.9993736
06/11/03, 10.22, 10.22, 10.22, 10.22, 24749.9985645001
06/10/03, 10.24, 10.24, 10.24, 10.24, 21149.9987733001
06/09/03, 10.27, 10.27, 10.27, 10.27, 30149.9982513001
06/05/03, 10.28, 10.28, 10.28, 10.28, 29249.9983035001
06/04/03, 10.27, 10.27, 10.27, 10.27, 29699.9982774001
06/03/03, 10.26, 10.26, 10.26, 10.26, 22049.9987211001
06/02/03, 10.21, 10.21, 10.21, 10.21, 36899.9978598001
05/29/03, 10.32, 10.32, 10.32, 10.32, 29699.9982774001
05/28/03, 10.33, 10.33, 10.33, 10.33, 25649.9985123001
05/27/03, 10.32, 10.32, 10.32, 10.32, 60299.9965026002
05/26/03, 10.34, 10.34, 10.34, 10.34, 96299.9944146002
05/22/03, 10.91, 10.91, 10.91, 10.91, 22499.9986950001
05/21/03, 10.99, 10.99, 10.99, 10.99, 44549.9974161001
05/20/03, 10.99, 10.99, 10.99, 10.99, 27449.9984079001
05/19/03, 11.10, 11.10, 11.10, 11.10, 41399.9975988001
05/14/03, 11.03, 11.03, 11.03, 11.03, 151199.9912304
05/13/03, 10.83, 10.83, 10.83, 10.83, 972899.943571802
05/12/03, 10.76, 10.76, 10.76, 10.76, 10799.9993736
05/08/03, 10.74, 10.74, 10.74, 10.74, 22499.9986950001
05/07/03, 10.77, 10.77, 10.77, 10.77, 23849.9986167001
05/06/03, 10.79, 10.79, 10.79, 10.79, 46799.9972856001
05/05/03, 10.72, 10.72, 10.72, 10.72, 53549.9968941001
04/30/03, 10.64, 10.64, 10.64, 10.64, 82799.9951976002
04/29/03, 10.72, 10.72, 10.72, 10.72, 72449.9957979002
04/28/03, 10.67, 10.67, 10.67, 10.67, 173249.9899515
04/24/03, 10.43, 10.43, 10.43, 10.43, 69299.9959806002
04/23/03, 10.52, 10.52, 10.52, 10.52, 16649.9990343
04/22/03, 10.56, 10.56, 10.56, 10.56, 133649.9922483
04/21/03, 10.34, 10.34, 10.34, 10.34, 96299.9944146002
04/17/03, 10.06, 10.06, 10.06, 10.06, 13949.9991909
04/16/03, 10.12, 10.12, 10.12, 10.12, 13949.9991909
04/15/03, 10.03, 10.03, 10.03, 10.03, 24749.9985645001
04/10/03, 10.03, 10.03, 10.03, 10.03, 19349.9988777
04/09/03, 9.94, 9.94, 9.94, 9.94, 17099.9990082
04/08/03, 9.92, 9.92, 9.92, 9.92, 26099.9984862001
04/07/03, 9.90, 9.90, 9.90, 9.90, 20699.9987994
04/03/03, 9.97, 9.97, 9.97, 9.97, 13949.9991909
04/02/03, 9.98, 9.98, 9.98, 9.98, 21599.9987472001
04/01/03, 9.93, 9.93, 9.93, 9.93, 7199.99958240002
03/31/03, 9.89, 9.89, 9.89, 9.89, 22049.9987211001
03/27/03, 10.09, 10.09, 10.09, 10.09, 25649.9985123001
03/25/03, 10.11, 10.11, 10.11, 10.11, 39149.9977293001
03/24/03, 10.17, 10.17, 10.17, 10.17, 32399.9981208001
03/20/03, 10.10, 10.10, 10.10, 10.10, 38699.9977554001
03/19/03, 10.02, 10.02, 10.02, 10.02, 24299.9985906001
03/18/03, 9.78, 9.78, 9.78, 9.78, 34649.9979903001
03/17/03, 9.86, 9.86, 9.86, 9.86, 26999.9984340001
03/13/03, 10.17, 10.17, 10.17, 10.17, 21599.9987472001
03/12/03, 10.20, 10.20, 10.20, 10.20, 40049.9976771001
03/11/03, 10.02, 10.02, 10.02, 10.02, 46349.9973117001
03/06/03, 10.32, 10.32, 10.32, 10.32, 51749.9969985001
03/05/03, 10.41, 10.41, 10.41, 10.41, 15749.9990865
03/04/03, 10.43, 10.43, 10.43, 10.43, 22949.9986689001
03/03/03, 10.44, 10.44, 10.44, 10.44, 135899.9921178
02/27/03, 10.33, 10.33, 10.33, 10.33, 958049.944433102
02/26/03, 10.38, 10.38, 10.38, 10.38, 1007549.9415621
02/25/03, 10.37, 10.37, 10.37, 10.37, 998999.942058002
02/24/03, 10.33, 10.33, 10.33, 10.33, 1006649.9416143
02/20/03, 10.67, 10.67, 10.67, 10.67, 358649.979198301
02/19/03, 10.77, 10.77, 10.77, 10.77, 780299.954742602
02/18/03, 10.91, 10.91, 10.91, 10.91, 2483099.85598021
02/17/03, 10.20, 10.20, 10.20, 10.20, 904049.947565102
02/10/03, 10.10, 10.10, 10.10, 10.10, 910799.947173602
02/06/03, 10.06, 10.06, 10.06, 10.06, 903149.947617302
02/05/03, 10.04, 10.04, 10.04, 10.04, 914399.946964802
02/04/03, 10.03, 10.03, 10.03, 10.03, 911249.947147502
02/03/03, 10.03, 10.03, 10.03, 10.03, 912149.947095302
01/30/03, 10.07, 10.07, 10.07, 10.07, 180899.9895078
01/29/03, 10.07, 10.07, 10.07, 10.07, 194399.9887248
01/28/03, 10.01, 10.01, 10.01, 10.01, 227699.986793401
01/27/03, 10.09, 10.09, 10.09, 10.09, 193949.9887509
01/23/03, 10.22, 10.22, 10.22, 10.22, 199799.9884116
01/22/03, 10.22, 10.22, 10.22, 10.22, 189899.9889858
01/21/03, 10.22, 10.22, 10.22, 10.22, 13949.9991909
01/20/03, 10.22, 10.22, 10.22, 10.22, 184949.9892729
01/16/03, 10.24, 10.24, 10.24, 10.24, 183599.9893512
01/15/03, 10.24, 10.24, 10.24, 10.24, 211499.987733001
01/14/03, 10.24, 10.24, 10.24, 10.24, 197999.988516
01/13/03, 10.24, 10.24, 10.24, 10.24, 183149.9893773
01/09/03, 10.26, 10.26, 10.26, 10.26, 181799.9894556
01/08/03, 10.27, 10.27, 10.27, 10.27, 202049.9882811
01/07/03, 10.27, 10.27, 10.27, 10.27, 183599.9893512
01/06/03, 10.28, 10.28, 10.28, 10.28, 197099.9885682
01/02/03, 10.33, 10.33, 10.33, 10.33, 187649.9891163
12/30/02, 10.34, 10.34, 10.34, 10.34, 193949.9887509
12/26/02, 10.34, 10.34, 10.34, 10.34, 198449.9884899
12/24/02, 10.33, 10.33, 10.33, 10.33, 203399.9882028
12/23/02, 10.32, 10.32, 10.32, 10.32, 213299.987628601
12/19/02, 10.31, 10.31, 10.31, 10.31, 98999.9942580002
12/18/02, 10.36, 10.36, 10.36, 10.36, 139949.9918829
12/17/02, 10.39, 10.39, 10.39, 10.39, 161999.990604
12/12/02, 10.33, 10.33, 10.33, 10.33, 141299.9918046
12/11/02, 10.32, 10.32, 10.32, 10.32, 285749.983426501
12/10/02, 10.80, 10.80, 10.80, 10.80, 189449.9890119
12/09/02, 10.61, 10.61, 10.61, 10.61, 142649.9917263
12/02/02, 10.51, 10.51, 10.51, 10.51, 99899.9942058002
11/28/02, 10.48, 10.48, 10.48, 10.48, 93599.9945712002
11/27/02, 10.47, 10.47, 10.47, 10.47, 91349.9947017002
11/26/02, 10.47, 10.47, 10.47, 10.47, 119249.9930835
11/25/02, 10.40, 10.40, 10.40, 10.40, 109799.9936316
11/21/02, 10.41, 10.41, 10.41, 10.41, 24749.9985645001
11/20/02, 10.48, 10.48, 10.48, 10.48, 256049.985149101
11/19/02, 10.56, 10.56, 10.56, 10.56, 174599.9898732
11/18/02, 10.56, 10.56, 10.56, 10.56, 175949.9897949
11/14/02, 10.37, 10.37, 10.37, 10.37, 101249.9941275
11/13/02, 10.34, 10.34, 10.34, 10.34, 204299.988150601
11/12/02, 10.33, 10.33, 10.33, 10.33, 45899.9973378001
11/11/02, 10.22, 10.22, 10.22, 10.22, 102149.9940753
11/06/02, 10.27, 10.27, 10.27, 10.27, 26549.9984601001
11/05/02, 10.28, 10.28, 10.28, 10.28, 142199.9917524
11/04/02, 10.29, 10.29, 10.29, 10.29, 38249.9977815001
10/31/02, 10.10, 10.10, 10.10, 10.10, 5849.99966070002
10/30/02, 10.09, 10.09, 10.09, 10.09, 44099.9974422001
10/29/02, 10.11, 10.11, 10.11, 10.11, 50849.9970507001
10/28/02, 10.24, 10.24, 10.24, 10.24, 30149.9982513001
10/24/02, 10.37, 10.37, 10.37, 10.37, 27899.9983818001
10/23/02, 10.38, 10.38, 10.38, 10.38, 34649.9979903001
10/21/02, 10.37, 10.37, 10.37, 10.37, 13949.9991909
10/17/02, 10.50, 10.50, 10.50, 10.50, 138149.9919873
10/16/02, 10.24, 10.24, 10.24, 10.24, 15299.9991126
10/14/02, 10.21, 10.21, 10.21, 10.21, 49499.9971290001
10/10/02, 10.50, 10.50, 10.50, 10.50, 35099.9979642001
10/09/02, 10.53, 10.53, 10.53, 10.53, 16649.9990343
10/08/02, 10.52, 10.52, 10.52, 10.52, 33749.9980425001
10/07/02, 10.54, 10.54, 10.54, 10.54, 21149.9987733001
10/03/02, 10.56, 10.56, 10.56, 10.56, 120599.9930052
10/02/02, 10.59, 10.59, 10.59, 10.59, 32399.9981208001
10/01/02, 10.60, 10.60, 10.60, 10.60, 46799.9972856001
09/30/02, 10.63, 10.63, 10.63, 10.63, 24299.9985906001
09/26/02, 10.68, 10.68, 10.68, 10.68, 41399.9975988001
09/25/02, 10.70, 10.70, 10.70, 10.70, 53099.9969202001
09/24/02, 10.77, 10.77, 10.77, 10.77, 61199.9964504002
09/23/02, 10.72, 10.72, 10.72, 10.72, 61199.9964504002
09/19/02, 10.78, 10.78, 10.78, 10.78, 40049.9976771001
09/18/02, 10.73, 10.73, 10.73, 10.73, 69299.9959806002
09/17/02, 10.76, 10.76, 10.76, 10.76, 31949.9981469001
09/16/02, 10.76, 10.76, 10.76, 10.76, 35099.9979642001
09/12/02, 10.79, 10.79, 10.79, 10.79, 34199.9980164001
09/11/02, 10.78, 10.78, 10.78, 10.78, 83249.9951715002
09/10/02, 10.87, 10.87, 10.87, 10.87, 72899.9957718002
09/09/02, 10.87, 10.87, 10.87, 10.87, 37349.9978337001
09/05/02, 10.88, 10.88, 10.88, 10.88, 314549.981756101
09/04/02, 10.83, 10.83, 10.83, 10.83, 69749.9959545002
09/03/02, 10.87, 10.87, 10.87, 10.87, 84149.9951193002
09/02/02, 10.80, 10.80, 10.80, 10.80, 130949.9924049
08/29/02, 10.77, 10.77, 10.77, 10.77, 148499.991387
08/28/02, 10.74, 10.74, 10.74, 10.74, 65699.9961894002
08/27/02, 10.79, 10.79, 10.79, 10.79, 147599.9914392
08/26/02, 10.80, 10.80, 10.80, 10.80, 143099.9917002
08/22/02, 10.86, 10.86, 10.86, 10.86, 296099.982826201
08/21/02, 10.83, 10.83, 10.83, 10.83, 261899.984809801
08/20/02, 10.84, 10.84, 10.84, 10.84, 178649.9896383
08/19/02, 10.88, 10.88, 10.88, 10.88, 194849.9886987
08/15/02, 10.92, 10.92, 10.92, 10.92, 293399.982982801
08/14/02, 10.93, 10.93, 10.93, 10.93, 288899.983243801
08/13/02, 10.88, 10.88, 10.88, 10.88, 150299.9912826
08/12/02, 10.94, 10.94, 10.94, 10.94, 160199.9907084
08/08/02, 10.87, 10.87, 10.87, 10.87, 671399.961058802
08/07/02, 10.83, 10.83, 10.83, 10.83, 459449.973351901
08/06/02, 10.94, 10.94, 10.94, 10.94, 396899.976979801
08/05/02, 11.16, 11.16, 11.16, 11.16, 341099.980216201
08/01/02, 11.37, 11.37, 11.37, 11.37, 305099.982304201
07/31/02, 11.21, 11.21, 11.21, 11.21, 504899.970715801
07/29/02, 11.53, 11.53, 11.53, 11.53, 642599.962729202
07/25/02, 10.67, 10.67, 10.67, 10.67, 4744349.72482771
07/24/02, 10.66, 10.66, 10.66, 10.66, 4945949.71313491
07/23/02, 10.66, 10.66, 10.66, 10.66, 4949999.71290001
07/22/02, 10.66, 10.66, 10.66, 10.66, 5017949.70895891
07/18/02, 10.63, 10.63, 10.63, 10.63, 1000799.9419536
07/17/02, 10.53, 10.53, 10.53, 10.53, 542249.968549501
07/16/02, 10.54, 10.54, 10.54, 10.54, 1093949.9365509
07/15/02, 10.57, 10.57, 10.57, 10.57, 651599.962207202
07/11/02, 10.48, 10.48, 10.48, 10.48, 209249.9878635
07/10/02, 10.51, 10.51, 10.51, 10.51, 274499.984079001
07/09/02, 10.56, 10.56, 10.56, 10.56, 404099.976562201
07/08/02, 10.54, 10.54, 10.54, 10.54, 219149.987289301
07/04/02, 10.67, 10.67, 10.67, 10.67, 283499.983557001
07/03/02, 10.50, 10.50, 10.50, 10.50, 206549.9880201
07/02/02, 10.63, 10.63, 10.63, 10.63, 191249.9889075
06/27/02, 11.07, 11.07, 11.07, 11.07, 193949.9887509
06/26/02, 10.93, 10.93, 10.93, 10.93, 2888549.83246411
06/25/02, 10.79, 10.79, 10.79, 10.79, 9345149.45798132
06/24/02, 10.64, 10.64, 10.64, 10.64, 4731749.72555851
06/20/02, 9.66, 9.66, 9.66, 9.66, 17999.998956
06/19/02, 9.63, 9.63, 9.63, 9.63, 35099.9979642001
06/18/02, 9.50, 9.50, 9.50, 9.50, 43649.9974683001
06/17/02, 9.67, 9.67, 9.67, 9.67, 63899.9962938002
06/13/02, 9.17, 9.17, 9.17, 9.17, 6299.99963460002
06/12/02, 9.11, 9.11, 9.11, 9.11, 7649.99955630002
06/11/02, 9.19, 9.19, 9.19, 9.19, 4949.99971290001
06/10/02, 9.18, 9.18, 9.18, 9.18, 9449.99945190002
06/06/02, 9.32, 9.32, 9.32, 9.32, 25199.9985384001
06/05/02, 9.31, 9.31, 9.31, 9.31, 42749.9975205001
06/04/02, 9.29, 9.29, 9.29, 9.29, 27899.9983818001
06/03/02, 9.28, 9.28, 9.28, 9.28, 12599.9992692
05/30/02, 9.53, 9.53, 9.53, 9.53, 32399.9981208001
05/29/02, 9.59, 9.59, 9.59, 9.59, 263249.984731501
05/28/02, 9.59, 9.59, 9.59, 9.59, 371249.978467501
05/27/02, 9.19, 9.19, 9.19, 9.19, 30149.9982513001
05/23/02, 9.24, 9.24, 9.24, 9.24, 23399.9986428001
05/22/02, 9.24, 9.24, 9.24, 9.24, 29249.9983035001
05/21/02, 9.33, 9.33, 9.33, 9.33, 221849.987132701
05/20/02, 10.30, 10.30, 10.30, 10.30, 57149.9966853002
05/16/02, 10.44, 10.44, 10.44, 10.44, 85499.9950410002
05/15/02, 10.41, 10.41, 10.41, 10.41, 197099.9885682
05/14/02, 10.44, 10.44, 10.44, 10.44, 506699.970611401
05/13/02, 10.47, 10.47, 10.47, 10.47, 701099.959336202
05/09/02, 9.89, 9.89, 9.89, 9.89, 1122749.9348805
05/08/02, 8.60, 8.60, 8.60, 8.60, 46799.9972856001
05/07/02, 8.58, 8.58, 8.58, 8.58, 17999.998956
05/06/02, 8.54, 8.54, 8.54, 8.54, 49049.9971551001
05/02/02, 8.53, 8.53, 8.53, 8.53, 51749.9969985001
04/30/02, 8.49, 8.49, 8.49, 8.49, 75149.9956413002
04/29/02, 8.48, 8.48, 8.48, 8.48, 84149.9951193002
04/24/02, 8.18, 8.18, 8.18, 8.18, 13049.9992431
04/23/02, 8.20, 8.20, 8.20, 8.20, 18449.9989299
04/22/02, 8.22, 8.22, 8.22, 8.22, 23399.9986428001
04/18/02, 8.17, 8.17, 8.17, 8.17, 10799.9993736
04/17/02, 8.12, 8.12, 8.12, 8.12, 16199.9990604
04/16/02, 8.14, 8.14, 8.14, 8.14, 12599.9992692
04/15/02, 8.14, 8.14, 8.14, 8.14, 21149.9987733001
04/11/02, 8.11, 8.11, 8.11, 8.11, 235349.986349701
04/10/02, 8.11, 8.11, 8.11, 8.11, 12149.9992953
04/09/02, 8.16, 8.16, 8.16, 8.16, 4949.99971290001
04/08/02, 8.14, 8.14, 8.14, 8.14, 102149.9940753
04/04/02, 8.10, 8.10, 8.10, 8.10, 77849.9954847002
04/03/02, 8.13, 8.13, 8.13, 8.13, 25199.9985384001
04/02/02, 8.17, 8.17, 8.17, 8.17, 6749.99960850002
04/01/02, 8.13, 8.13, 8.13, 8.13, 53999.9968680001
03/28/02, 8.13, 8.13, 8.13, 8.13, 24299.9985906001
03/27/02, 8.13, 8.13, 8.13, 8.13, 11249.9993475
03/21/02, 8.17, 8.17, 8.17, 8.17, 13049.9992431
03/20/02, 8.16, 8.16, 8.16, 8.16, 21149.9987733001
03/19/02, 8.16, 8.16, 8.16, 8.16, 22049.9987211001
03/18/02, 8.14, 8.14, 8.14, 8.14, 22949.9986689001
03/14/02, 8.16, 8.16, 8.16, 8.16, 36449.9978859001
03/13/02, 8.21, 8.21, 8.21, 8.21, 64799.9962416002
03/12/02, 8.22, 8.22, 8.22, 8.22, 23849.9986167001
03/11/02, 8.22, 8.22, 8.22, 8.22, 294749.982904501
03/07/02, 8.13, 8.13, 8.13, 8.13, 18449.9989299
03/06/02, 8.12, 8.12, 8.12, 8.12, 13499.999217
03/05/02, 8.14, 8.14, 8.14, 8.14, 24299.9985906001
03/04/02, 8.13, 8.13, 8.13, 8.13, 36899.9978598001
02/28/02, 8.18, 8.18, 8.18, 8.18, 103949.9939709
02/27/02, 8.11, 8.11, 8.11, 8.11, 251549.985410101
02/26/02, 8.09, 8.09, 8.09, 8.09, 239399.986114801
02/25/02, 8.09, 8.09, 8.09, 8.09, 51299.9970246001
02/20/02, 8.10, 8.10, 8.10, 8.10, 4949.99971290001
02/19/02, 8.07, 8.07, 8.07, 8.07, 233549.986454101
02/18/02, 8.02, 8.02, 8.02, 8.02, 277199.983922401
02/14/02, 8.11, 8.11, 8.11, 8.11, 108899.9936838
02/13/02, 8.12, 8.12, 8.12, 8.12, 112949.9934489
02/12/02, 8.11, 8.11, 8.11, 8.11, 130499.992431
02/11/02, 8.13, 8.13, 8.13, 8.13, 229049.986715101
02/07/02, 8.23, 8.23, 8.23, 8.23, 9449.99945190002
02/06/02, 8.23, 8.23, 8.23, 8.23, 14399.9991648
02/05/02, 8.30, 8.30, 8.30, 8.30, 20699.9987994
02/04/02, 8.36, 8.36, 8.36, 8.36, 15299.9991126
01/31/02, 8.18, 8.18, 8.18, 8.18, 30599.9982252001
01/30/02, 8.21, 8.21, 8.21, 8.21, 23399.9986428001
01/29/02, 8.23, 8.23, 8.23, 8.23, 26099.9984862001
01/28/02, 8.24, 8.24, 8.24, 8.24, 10349.9993997
01/24/02, 8.32, 8.32, 8.32, 8.32, 44999.9973900001
01/23/02, 8.30, 8.30, 8.30, 8.30, 41849.9975727001
01/22/02, 8.08, 8.08, 8.08, 8.08, 61199.9964504002
01/21/02, 8.14, 8.14, 8.14, 8.14, 15749.9990865
01/17/02, 8.17, 8.17, 8.17, 8.17, 22049.9987211001
01/16/02, 8.16, 8.16, 8.16, 8.16, 9899.99942580002
01/15/02, 8.20, 8.20, 8.20, 8.20, 42749.9975205001
01/14/02, 8.41, 8.41, 8.41, 8.41, 7199.99958240002
01/10/02, 8.67, 8.67, 8.67, 8.67, 79649.9953803002
01/09/02, 8.70, 8.70, 8.70, 8.70, 43199.9974944001
01/08/02, 8.61, 8.61, 8.61, 8.61, 90899.9947278002
01/07/02, 8.82, 8.82, 8.82, 8.82, 115199.9933184
01/03/02, 8.38, 8.38, 8.38, 8.38, 158399.9908128
01/02/02, 8.31, 8.31, 8.31, 8.31, 86849.9949627002
12/27/01, 8.06, 8.06, 8.06, 8.06, 150299.9912826
12/26/01, 7.89, 7.89, 7.89, 7.89, 96299.9944146002
12/24/01, 7.67, 7.67, 7.67, 7.67, 38249.9977815001
12/20/01, 7.72, 7.72, 7.72, 7.72, 33749.9980425001
12/19/01, 7.73, 7.73, 7.73, 7.73, 33299.9980686001
12/12/01, 7.66, 7.66, 7.66, 7.66, 140849.9918307
12/11/01, 7.70, 7.70, 7.70, 7.70, 108899.9936838
12/10/01, 7.70, 7.70, 7.70, 7.70, 77399.9955108002
12/06/01, 8.37, 8.37, 8.37, 8.37, 130499.992431
12/05/01, 8.91, 8.91, 8.91, 8.91, 95849.9944407002
12/04/01, 9.32, 9.32, 9.32, 9.32, 81449.9952759002
12/03/01, 9.77, 9.77, 9.77, 9.77, 18449.9989299
11/29/01, 9.61, 9.61, 9.61, 9.61, 13949.9991909
11/27/01, 9.52, 9.52, 9.52, 9.52, 4949.99971290001
11/22/01, 9.62, 9.62, 9.62, 9.62, 1349.9999217
11/21/01, 10.07, 10.07, 10.07, 10.07, 22949.9986689001
11/20/01, 9.98, 9.98, 9.98, 9.98, 5399.99968680001
11/19/01, 10.00, 10.00, 10.00, 10.00, 899.999947800002
11/15/01, 10.10, 10.10, 10.10, 10.10, 4049.99976510001
11/14/01, 10.01, 10.01, 10.01, 10.01, 4049.99976510001
11/13/01, 10.07, 10.07, 10.07, 10.07, 2699.99984340001
11/12/01, 10.06, 10.06, 10.06, 10.06, 4499.99973900001
11/08/01, 10.27, 10.27, 10.27, 10.27, 4499.99973900001
11/06/01, 10.30, 10.30, 10.30, 10.30, 9449.99945190002
11/05/01, 10.22, 10.22, 10.22, 10.22, 62099.9963982002
11/01/01, 10.79, 10.79, 10.79, 10.79, 10799.9993736
10/31/01, 11.92, 11.92, 11.92, 11.92, 899.999947800002
10/30/01, 13.24, 13.24, 13.24, 13.24, 1799.9998956
10/29/01, 14.01, 14.01, 14.01, 14.01, 15749.9990865
10/25/01, 15.00, 15.00, 15.00, 15.00, 51299.9970246001
10/24/01, 14.98, 14.98, 14.98, 14.98, 5399.99968680001
10/23/01, 15.00, 15.00, 15.00, 15.00, 8999.99947800002
10/22/01, 15.04, 15.04, 15.04, 15.04, 7199.99958240002
10/18/01, 15.17, 15.17, 15.17, 15.17, 39149.9977293001
10/17/01, 14.82, 14.82, 14.82, 14.82, 5399.99968680001
10/16/01, 14.81, 14.81, 14.81, 14.81, 5399.99968680001
10/15/01, 14.78, 14.78, 14.78, 14.78, 899.999947800002
10/11/01, 14.87, 14.87, 14.87, 14.87, 13499.999217
10/10/01, 15.18, 15.18, 15.18, 15.18, 56699.9967114001
10/09/01, 14.81, 14.81, 14.81, 14.81, 7649.99955630002
10/08/01, 14.92, 14.92, 14.92, 14.92, 4499.99973900001
10/04/01, 14.26, 14.26, 14.26, 14.26, 31049.9981991001
10/03/01, 14.93, 14.93, 14.93, 14.93, 34199.9980164001
10/02/01, 15.36, 15.36, 15.36, 15.36, 64799.9962416002
09/27/01, 11.49, 11.49, 11.49, 11.49, 1349.9999217
09/25/01, 11.44, 11.44, 11.44, 11.44, 3149.99981730001
09/24/01, 11.36, 11.36, 11.36, 11.36, 2699.99984340001
09/20/01, 11.23, 11.23, 11.23, 11.23, 449.999973900001
09/17/01, 11.28, 11.28, 11.28, 11.28, 899.999947800002
09/13/01, 11.39, 11.39, 11.39, 11.39, 3149.99981730001
09/12/01, 11.39, 11.39, 11.39, 11.39, 1799.9998956
09/11/01, 11.36, 11.36, 11.36, 11.36, 1799.9998956
09/10/01, 11.44, 11.44, 11.44, 11.44, 449.999973900001
09/05/01, 11.44, 11.44, 11.44, 11.44, 6299.99963460002
09/04/01, 11.51, 11.51, 11.51, 11.51, 4949.99971290001
09/03/01, 11.39, 11.39, 11.39, 11.39, 449.999973900001
08/29/01, 11.44, 11.44, 11.44, 11.44, 899.999947800002
08/28/01, 11.63, 11.63, 11.63, 11.63, 449.999973900001
08/27/01, 11.63, 11.63, 11.63, 11.63, 2249.99986950001
08/23/01, 11.59, 11.59, 11.59, 11.59, 1799.9998956
08/22/01, 11.54, 11.54, 11.54, 11.54, 10349.9993997
08/21/01, 11.12, 11.12, 11.12, 11.12, 899.999947800002
08/16/01, 11.33, 11.33, 11.33, 11.33, 449.999973900001
08/14/01, 11.50, 11.50, 11.50, 11.50, 1349.9999217
08/13/01, 11.31, 11.31, 11.31, 11.31, 4499.99973900001
08/09/01, 11.36, 11.36, 11.36, 11.36, 9899.99942580002
08/08/01, 11.44, 11.44, 11.44, 11.44, 1799.9998956
08/07/01, 11.44, 11.44, 11.44, 11.44, 3599.99979120001
08/06/01, 11.44, 11.44, 11.44, 11.44, 899.999947800002
08/01/01, 11.54, 11.54, 11.54, 11.54, 1799.9998956
07/31/01, 11.48, 11.48, 11.48, 11.48, 1349.9999217
07/26/01, 11.33, 11.33, 11.33, 11.33, 1349.9999217
07/25/01, 11.40, 11.40, 11.40, 11.40, 3149.99981730001
07/24/01, 11.64, 11.64, 11.64, 11.64, 5399.99968680001
07/23/01, 11.46, 11.46, 11.46, 11.46, 2699.99984340001
07/19/01, 11.50, 11.50, 11.50, 11.50, 449.999973900001
07/18/01, 11.56, 11.56, 11.56, 11.56, 899.999947800002
07/12/01, 11.66, 11.66, 11.66, 11.66, 8099.99953020002
07/11/01, 11.63, 11.63, 11.63, 11.63, 4049.99976510001
07/10/01, 11.71, 11.71, 11.71, 11.71, 6299.99963460002
07/09/01, 11.69, 11.69, 11.69, 11.69, 7199.99958240002
07/04/01, 11.43, 11.43, 11.43, 11.43, 2699.99984340001
07/03/01, 11.50, 11.50, 11.50, 11.50, 1349.9999217
07/02/01, 11.64, 11.64, 11.64, 11.64, 5849.99966070002
06/28/01, 11.69, 11.69, 11.69, 11.69, 50849.9970507001
06/25/01, 11.71, 11.71, 11.71, 11.71, 46799.9972856001
06/21/01, 11.56, 11.56, 11.56, 11.56, 449.999973900001
06/18/01, 11.87, 11.87, 11.87, 11.87, 901799.947695602
06/14/01, 11.88, 11.88, 11.88, 11.88, 902699.947643402
06/13/01, 11.88, 11.88, 11.88, 11.88, 906299.947434602
06/12/01, 11.86, 11.86, 11.86, 11.86, 909899.947225802
06/11/01, 11.81, 11.81, 11.81, 11.81, 639899.962885802
06/07/01, 11.99, 11.99, 11.99, 11.99, 906299.947434602
06/06/01, 11.93, 11.93, 11.93, 11.93, 902699.947643402
06/04/01, 11.92, 11.92, 11.92, 11.92, 452699.973743401
05/31/01, 11.86, 11.86, 11.86, 11.86, 451799.973795601
05/30/01, 11.86, 11.86, 11.86, 11.86, 459449.973351901
05/29/01, 11.83, 11.83, 11.83, 11.83, 455849.973560701
05/28/01, 11.87, 11.87, 11.87, 11.87, 10349.9993997
05/24/01, 11.71, 11.71, 11.71, 11.71, 30149.9982513001
05/23/01, 11.77, 11.77, 11.77, 11.77, 458999.973378001
05/22/01, 11.77, 11.77, 11.77, 11.77, 463049.973143101
05/21/01, 11.77, 11.77, 11.77, 11.77, 465749.972986501
05/17/01, 11.71, 11.71, 11.71, 11.71, 10349.9993997
05/16/01, 11.68, 11.68, 11.68, 11.68, 452249.973769501
05/15/01, 11.68, 11.68, 11.68, 11.68, 463499.973117001
05/14/01, 11.68, 11.68, 11.68, 11.68, 456749.973508501
05/10/01, 11.69, 11.69, 11.69, 11.69, 452249.973769501
05/09/01, 11.70, 11.70, 11.70, 11.70, 451799.973795601
05/08/01, 11.61, 11.61, 11.61, 11.61, 1349.9999217
05/07/01, 11.74, 11.74, 11.74, 11.74, 455849.973560701
05/03/01, 11.76, 11.76, 11.76, 11.76, 449999.973900001
05/02/01, 11.74, 11.74, 11.74, 11.74, 450449.973873901
04/30/01, 11.74, 11.74, 11.74, 11.74, 449999.973900001
04/26/01, 11.73, 11.73, 11.73, 11.73, 449999.973900001
04/19/01, 11.72, 11.72, 11.72, 11.72, 365399.978806801
04/18/01, 11.80, 11.80, 11.80, 11.80, 179999.98956
04/17/01, 11.81, 11.81, 11.81, 11.81, 182699.9894034
04/16/01, 11.82, 11.82, 11.82, 11.82, 89999.9947800002
04/12/01, 11.90, 11.90, 11.90, 11.90, 180449.9895339
04/04/01, 11.66, 11.66, 11.66, 11.66, 96299.9944146002
03/29/01, 11.64, 11.64, 11.64, 11.64, 98999.9942580002
03/28/01, 11.71, 11.71, 11.71, 11.71, 93149.9945973002
03/27/01, 11.71, 11.71, 11.71, 11.71, 92249.9946495002
03/22/01, 11.77, 11.77, 11.77, 11.77, 92699.9946234002
03/21/01, 11.76, 11.76, 11.76, 11.76, 94049.9945451002
03/20/01, 11.74, 11.74, 11.74, 11.74, 91349.9947017002
03/19/01, 11.73, 11.73, 11.73, 11.73, 107099.9937882
03/15/01, 11.74, 11.74, 11.74, 11.74, 107549.9937621
03/14/01, 12.06, 12.06, 12.06, 12.06, 90899.9947278002
03/13/01, 12.06, 12.06, 12.06, 12.06, 92699.9946234002
03/12/01, 12.07, 12.07, 12.07, 12.07, 98549.9942841002
03/05/01, 11.56, 11.56, 11.56, 11.56, 89999.9947800002
03/01/01, 11.54, 11.54, 11.54, 11.54, 93599.9945712002
02/28/01, 11.50, 11.50, 11.50, 11.50, 2699.99984340001
02/27/01, 11.62, 11.62, 11.62, 11.62, 92699.9946234002
02/22/01, 11.63, 11.63, 11.63, 11.63, 99899.9942058002
02/20/01, 11.66, 11.66, 11.66, 11.66, 94949.9944929002
02/19/01, 11.66, 11.66, 11.66, 11.66, 92699.9946234002
02/12/01, 11.70, 11.70, 11.70, 11.70, 52199.9969724001
02/06/01, 11.64, 11.64, 11.64, 11.64, 93599.9945712002
02/05/01, 11.63, 11.63, 11.63, 11.63, 46349.9973117001
01/31/01, 11.59, 11.59, 11.59, 11.59, 47699.9972334001
01/30/01, 11.59, 11.59, 11.59, 11.59, 47699.9972334001
01/29/01, 11.61, 11.61, 11.61, 11.61, 45449.9973639001
01/25/01, 11.64, 11.64, 11.64, 11.64, 46799.9972856001
01/24/01, 11.63, 11.63, 11.63, 11.63, 46799.9972856001
01/23/01, 11.62, 11.62, 11.62, 11.62, 49949.9971029001
01/18/01, 11.56, 11.56, 11.56, 11.56, 10349.9993997
01/17/01, 11.73, 11.73, 11.73, 11.73, 48599.9971812001
01/16/01, 11.74, 11.74, 11.74, 11.74, 45449.9973639001
01/15/01, 11.76, 11.76, 11.76, 11.76, 45899.9973378001
01/11/01, 11.72, 11.72, 11.72, 11.72, 45449.9973639001
01/10/01, 11.67, 11.67, 11.67, 11.67, 899.999947800002
01/09/01, 11.57, 11.57, 11.57, 11.57, 449.999973900001
01/08/01, 11.67, 11.67, 11.67, 11.67, 449.999973900001
01/04/01, 11.92, 11.92, 11.92, 11.92, 46349.9973117001
01/03/01, 11.92, 11.92, 11.92, 11.92, 50849.9970507001
01/02/01, 11.91, 11.91, 11.91, 11.91, 45449.9973639001
12/20/00, 11.91, 11.91, 11.91, 11.91, 44999.9973900001
12/19/00, 11.90, 11.90, 11.90, 11.90, 44999.9973900001
12/18/00, 11.89, 11.89, 11.89, 11.89, 49949.9971029001
12/14/00, 11.88, 11.88, 11.88, 11.88, 45899.9973378001
12/13/00, 11.87, 11.87, 11.87, 11.87, 46349.9973117001
12/12/00, 11.83, 11.83, 11.83, 11.83, 48599.9971812001
12/11/00, 11.82, 11.82, 11.82, 11.82, 50399.9970768001
12/07/00, 11.70, 11.70, 11.70, 11.70, 44999.9973900001
12/06/00, 11.69, 11.69, 11.69, 11.69, 46799.9972856001
12/05/00, 11.69, 11.69, 11.69, 11.69, 46349.9973117001
12/04/00, 11.69, 11.69, 11.69, 11.69, 46799.9972856001
11/30/00, 11.66, 11.66, 11.66, 11.66, 44999.9973900001
11/29/00, 11.66, 11.66, 11.66, 11.66, 46349.9973117001
11/28/00, 11.50, 11.50, 11.50, 11.50, 899.999947800002
11/27/00, 11.76, 11.76, 11.76, 11.76, 47699.9972334001
11/23/00, 11.77, 11.77, 11.77, 11.77, 45449.9973639001
11/22/00, 11.71, 11.71, 11.71, 11.71, 47249.9972595001
11/21/00, 11.59, 11.59, 11.59, 11.59, 899.999947800002
11/20/00, 11.77, 11.77, 11.77, 11.77, 54899.9968158001
11/16/00, 11.86, 11.86, 11.86, 11.86, 48149.9972073001
11/15/00, 11.83, 11.83, 11.83, 11.83, 5399.99968680001
11/14/00, 11.88, 11.88, 11.88, 11.88, 46799.9972856001
11/13/00, 11.86, 11.86, 11.86, 11.86, 46349.9973117001
11/09/00, 11.72, 11.72, 11.72, 11.72, 899.999947800002
11/08/00, 11.89, 11.89, 11.89, 11.89, 45449.9973639001
11/07/00, 11.89, 11.89, 11.89, 11.89, 50399.9970768001
11/06/00, 11.74, 11.74, 11.74, 11.74, 52199.9969724001
11/02/00, 11.74, 11.74, 11.74, 11.74, 52649.9969463001
11/01/00, 11.56, 11.56, 11.56, 11.56, 74249.9956935002
10/31/00, 11.86, 11.86, 11.86, 11.86, 49499.9971290001
10/30/00, 11.82, 11.82, 11.82, 11.82, 48149.9972073001
10/26/00, 11.72, 11.72, 11.72, 11.72, 13049.9992431
10/25/00, 11.87, 11.87, 11.87, 11.87, 48599.9971812001
10/24/00, 11.76, 11.76, 11.76, 11.76, 50849.9970507001
10/23/00, 11.69, 11.69, 11.69, 11.69, 899.999947800002
10/19/00, 11.82, 11.82, 11.82, 11.82, 45899.9973378001
10/18/00, 11.71, 11.71, 11.71, 11.71, 50849.9970507001
10/17/00, 11.60, 11.60, 11.60, 11.60, 4499.99973900001
10/16/00, 11.71, 11.71, 11.71, 11.71, 49499.9971290001
10/12/00, 11.76, 11.76, 11.76, 11.76, 53099.9969202001
10/11/00, 11.64, 11.64, 11.64, 11.64, 7199.99958240002
10/10/00, 11.86, 11.86, 11.86, 11.86, 47249.9972595001
10/09/00, 11.82, 11.82, 11.82, 11.82, 48599.9971812001
10/05/00, 11.61, 11.61, 11.61, 11.61, 449.999973900001
10/04/00, 11.77, 11.77, 11.77, 11.77, 51749.9969985001
10/03/00, 11.74, 11.74, 11.74, 11.74, 449.999973900001
09/28/00, 11.92, 11.92, 11.92, 11.92, 46799.9972856001
09/27/00, 11.76, 11.76, 11.76, 11.76, 50849.9970507001
09/26/00, 11.77, 11.77, 11.77, 11.77, 44999.9973900001
09/25/00, 11.49, 11.49, 11.49, 11.49, 1799.9998956
09/21/00, 11.70, 11.70, 11.70, 11.70, 58049.9966331002
09/20/00, 11.68, 11.68, 11.68, 11.68, 12149.9992953
09/19/00, 11.84, 11.84, 11.84, 11.84, 53999.9968680001
09/18/00, 11.78, 11.78, 11.78, 11.78, 899.999947800002
09/14/00, 11.73, 11.73, 11.73, 11.73, 1349.9999217
09/13/00, 11.82, 11.82, 11.82, 11.82, 10349.9993997
09/12/00, 11.88, 11.88, 11.88, 11.88, 49949.9971029001
09/11/00, 11.88, 11.88, 11.88, 11.88, 8549.99950410002
09/07/00, 11.87, 11.87, 11.87, 11.87, 27899.9983818001
09/06/00, 11.88, 11.88, 11.88, 11.88, 18899.9989038
09/05/00, 11.97, 11.97, 11.97, 11.97, 53549.9968941001
09/04/00, 11.78, 11.78, 11.78, 11.78, 27899.9983818001
08/31/00, 12.00, 12.00, 12.00, 12.00, 58499.9966070002
08/29/00, 12.00, 12.00, 12.00, 12.00, 49949.9971029001
08/28/00, 11.98, 11.98, 11.98, 11.98, 46799.9972856001
08/24/00, 11.89, 11.89, 11.89, 11.89, 57599.9966592002
08/23/00, 11.82, 11.82, 11.82, 11.82, 82799.9951976002
08/21/00, 11.78, 11.78, 11.78, 11.78, 9899.99942580002
08/17/00, 11.77, 11.77, 11.77, 11.77, 148499.991387
08/16/00, 11.73, 11.73, 11.73, 11.73, 19799.9988516
08/14/00, 11.82, 11.82, 11.82, 11.82, 13949.9991909
08/10/00, 11.74, 11.74, 11.74, 11.74, 145799.9915436
08/09/00, 11.73, 11.73, 11.73, 11.73, 205649.9880723
08/08/00, 11.77, 11.77, 11.77, 11.77, 85049.9950671002
08/07/00, 11.70, 11.70, 11.70, 11.70, 22499.9986950001
08/03/00, 11.62, 11.62, 11.62, 11.62, 27449.9984079001
08/02/00, 11.64, 11.64, 11.64, 11.64, 9449.99945190002
08/01/00, 11.67, 11.67, 11.67, 11.67, 28349.9983557001
07/31/00, 11.61, 11.61, 11.61, 11.61, 30599.9982252001
07/27/00, 11.72, 11.72, 11.72, 11.72, 28349.9983557001
07/26/00, 11.61, 11.61, 11.61, 11.61, 11699.9993214
07/25/00, 11.69, 11.69, 11.69, 11.69, 11699.9993214
07/24/00, 11.99, 11.99, 11.99, 11.99, 101249.9941275
07/20/00, 11.49, 11.49, 11.49, 11.49, 67499.9960850002
07/19/00, 11.67, 11.67, 11.67, 11.67, 56249.9967375001
07/18/00, 12.10, 12.10, 12.10, 12.10, 9899.99942580002
07/17/00, 12.23, 12.23, 12.23, 12.23, 22499.9986950001
07/13/00, 12.98, 12.98, 12.98, 12.98, 64799.9962416002
07/12/00, 13.06, 13.06, 13.06, 13.06, 89099.9948322002
07/11/00, 12.89, 12.89, 12.89, 12.89, 97649.9943363002
07/10/00, 13.24, 13.24, 13.24, 13.24, 1205999.930052
07/06/00, 11.80, 11.80, 11.80, 11.80, 129149.9925093
07/05/00, 11.54, 11.54, 11.54, 11.54, 222749.987080501
07/04/00, 11.31, 11.31, 11.31, 11.31, 53549.9968941001
07/03/00, 11.28, 11.28, 11.28, 11.28, 30599.9982252001
06/29/00, 11.24, 11.24, 11.24, 11.24, 282599.983609201
06/28/00, 11.12, 11.12, 11.12, 11.12, 503099.970820201
06/27/00, 11.33, 11.33, 11.33, 11.33, 485099.971864201
06/26/00, 11.49, 11.49, 11.49, 11.49, 494099.971342201
06/22/00, 11.81, 11.81, 11.81, 11.81, 519749.969854501
06/21/00, 11.93, 11.93, 11.93, 11.93, 460349.973299701
06/20/00, 11.78, 11.78, 11.78, 11.78, 479249.972203501
06/19/00, 11.98, 11.98, 11.98, 11.98, 458999.973378001
06/14/00, 12.48, 12.48, 12.48, 12.48, 468449.972829901
06/13/00, 12.50, 12.50, 12.50, 12.50, 479699.972177401
06/08/00, 12.64, 12.64, 12.64, 12.64, 462149.973195301
06/07/00, 12.63, 12.63, 12.63, 12.63, 272699.984183401
06/06/00, 12.57, 12.57, 12.57, 12.57, 284849.983478701
06/05/00, 12.44, 12.44, 12.44, 12.44, 278549.983844101
06/01/00, 12.33, 12.33, 12.33, 12.33, 23849.9986167001
05/31/00, 13.09, 13.09, 13.09, 13.09, 278099.983870201
05/30/00, 12.87, 12.87, 12.87, 12.87, 377999.978076001
05/29/00, 12.39, 12.39, 12.39, 12.39, 316349.981651701
05/25/00, 11.83, 11.83, 11.83, 11.83, 284849.983478701
05/24/00, 11.72, 11.72, 11.72, 11.72, 287099.983348201
05/23/00, 11.61, 11.61, 11.61, 11.61, 317699.981573401
05/18/00, 11.34, 11.34, 11.34, 11.34, 297449.982747901
05/16/00, 11.11, 11.11, 11.11, 11.11, 11699.9993214
05/15/00, 11.39, 11.39, 11.39, 11.39, 270899.984287801
05/11/00, 11.14, 11.14, 11.14, 11.14, 280349.983739701
05/10/00, 11.09, 11.09, 11.09, 11.09, 278999.983818001
05/09/00, 10.94, 10.94, 10.94, 10.94, 292499.983035001
05/04/00, 10.89, 10.89, 10.89, 10.89, 274499.984079001
05/03/00, 10.88, 10.88, 10.88, 10.88, 274949.984052901
05/02/00, 10.83, 10.83, 10.83, 10.83, 270449.984313901
04/27/00, 10.87, 10.87, 10.87, 10.87, 272699.984183401
04/26/00, 10.88, 10.88, 10.88, 10.88, 276749.983948501
04/25/00, 10.88, 10.88, 10.88, 10.88, 273149.984157301
04/24/00, 10.97, 10.97, 10.97, 10.97, 271799.984235601
04/20/00, 10.98, 10.98, 10.98, 10.98, 195749.9886465
04/19/00, 10.67, 10.67, 10.67, 10.67, 198449.9884899
04/18/00, 10.89, 10.89, 10.89, 10.89, 213749.987602501
04/17/00, 10.89, 10.89, 10.89, 10.89, 131399.9923788
04/12/00, 11.08, 11.08, 11.08, 11.08, 102149.9940753
04/11/00, 11.06, 11.06, 11.06, 11.06, 101249.9941275
04/10/00, 11.01, 11.01, 11.01, 11.01, 95849.9944407002
03/30/00, 11.11, 11.11, 11.11, 11.11, 47249.9972595001
03/29/00, 11.13, 11.13, 11.13, 11.13, 4949.99971290001
03/28/00, 10.98, 10.98, 10.98, 10.98, 13049.9992431
03/27/00, 11.03, 11.03, 11.03, 11.03, 33749.9980425001
03/23/00, 11.16, 11.16, 11.16, 11.16, 21149.9987733001
03/22/00, 11.20, 11.20, 11.20, 11.20, 33299.9980686001
03/21/00, 11.21, 11.21, 11.21, 11.21, 12599.9992692
03/20/00, 11.39, 11.39, 11.39, 11.39, 39599.9977032001
03/15/00, 11.64, 11.64, 11.64, 11.64, 130499.992431
03/14/00, 11.18, 11.18, 11.18, 11.18, 23849.9986167001
03/13/00, 11.21, 11.21, 11.21, 11.21, 20699.9987994
03/09/00, 11.16, 11.16, 11.16, 11.16, 8999.99947800002
03/08/00, 11.11, 11.11, 11.11, 11.11, 3149.99981730001
03/07/00, 11.28, 11.28, 11.28, 11.28, 449.999973900001
03/06/00, 11.10, 11.10, 11.10, 11.10, 7199.99958240002
03/02/00, 11.31, 11.31, 11.31, 11.31, 19799.9988516
03/01/00, 11.10, 11.10, 11.10, 11.10, 4499.99973900001
02/29/00, 11.08, 11.08, 11.08, 11.08, 3149.99981730001
02/28/00, 11.11, 11.11, 11.11, 11.11, 5849.99966070002
02/24/00, 10.99, 10.99, 10.99, 10.99, 4949.99971290001
02/23/00, 11.08, 11.08, 11.08, 11.08, 1799.9998956
02/22/00, 10.98, 10.98, 10.98, 10.98, 2699.99984340001
02/14/00, 11.10, 11.10, 11.10, 11.10, 2699.99984340001
02/10/00, 11.06, 11.06, 11.06, 11.06, 3599.99979120001
02/09/00, 11.19, 11.19, 11.19, 11.19, 8549.99950410002
02/08/00, 11.19, 11.19, 11.19, 11.19, 11249.9993475
02/01/00, 11.44, 11.44, 11.44, 11.44, 2249.99986950001
01/27/00, 11.70, 11.70, 11.70, 11.70, 4499.99973900001
01/26/00, 11.89, 11.89, 11.89, 11.89, 1349.9999217
01/25/00, 11.61, 11.61, 11.61, 11.61, 2249.99986950001
01/24/00, 11.52, 11.52, 11.52, 11.52, 1799.9998956
01/20/00, 11.67, 11.67, 11.67, 11.67, 449.999973900001
01/19/00, 12.00, 12.00, 12.00, 12.00, 5849.99966070002
01/18/00, 11.98, 11.98, 11.98, 11.98, 4049.99976510001
01/17/00, 11.86, 11.86, 11.86, 11.86, 4499.99973900001
01/13/00, 11.44, 11.44, 11.44, 11.44, 899.999947800002
01/12/00, 11.50, 11.50, 11.50, 11.50, 899.999947800002
01/04/00, 12.04, 12.04, 12.04, 12.04, 4499.99973900001
12/29/99, 11.11, 11.11, 11.11, 11.11, 449.999973900001
12/27/99, 11.11, 11.11, 11.11, 11.11, 449.999973900001
12/23/99, 11.09, 11.09, 11.09, 11.09, 449.999973900001
12/22/99, 10.94, 10.94, 10.94, 10.94, 3599.99979120001
12/21/99, 11.11, 11.11, 11.11, 11.11, 89999.9947800002
12/20/99, 10.94, 10.94, 10.94, 10.94, 89999.9947800002
12/15/99, 11.01, 11.01, 11.01, 11.01, 90899.9947278002
12/14/99, 11.02, 11.02, 11.02, 11.02, 89999.9947800002
12/09/99, 10.91, 10.91, 10.91, 10.91, 449.999973900001
12/08/99, 10.99, 10.99, 10.99, 10.99, 3149.99981730001
12/07/99, 11.02, 11.02, 11.02, 11.02, 449.999973900001
12/06/99, 11.12, 11.12, 11.12, 11.12, 7199.99958240002
12/02/99, 11.13, 11.13, 11.13, 11.13, 2249.99986950001
12/01/99, 11.11, 11.11, 11.11, 11.11, 12149.9992953
11/29/99, 11.46, 11.46, 11.46, 11.46, 5399.99968680001
11/23/99, 11.61, 11.61, 11.61, 11.61, 4949.99971290001
11/22/99, 11.69, 11.69, 11.69, 11.69, 2699.99984340001
11/18/99, 11.97, 11.97, 11.97, 11.97, 4049.99976510001
11/17/99, 12.11, 12.11, 12.11, 12.11, 899.999947800002
11/15/99, 12.22, 12.22, 12.22, 12.22, 2249.99986950001
11/11/99, 12.62, 12.62, 12.62, 12.62, 1799.9998956
11/10/99, 12.22, 12.22, 12.22, 12.22, 449.999973900001
11/04/99, 12.28, 12.28, 12.28, 12.28, 5849.99966070002
11/03/99, 12.94, 12.94, 12.94, 12.94, 899.999947800002
11/02/99, 12.90, 12.90, 12.90, 12.90, 4949.99971290001
10/28/99, 12.89, 12.89, 12.89, 12.89, 449.999973900001
10/27/99, 12.28, 12.28, 12.28, 12.28, 4949.99971290001
10/26/99, 12.33, 12.33, 12.33, 12.33, 899.999947800002
10/19/99, 12.86, 12.86, 12.86, 12.86, 2699.99984340001
10/18/99, 13.01, 13.01, 13.01, 13.01, 4949.99971290001
10/14/99, 12.76, 12.76, 12.76, 12.76, 5399.99968680001
10/13/99, 12.89, 12.89, 12.89, 12.89, 2249.99986950001
10/11/99, 13.49, 13.49, 13.49, 13.49, 7199.99958240002
10/07/99, 13.22, 13.22, 13.22, 13.22, 1349.9999217
10/06/99, 12.83, 12.83, 12.83, 12.83, 13949.9991909
10/05/99, 12.83, 12.83, 12.83, 12.83, 1349.9999217
10/04/99, 12.58, 12.58, 12.58, 12.58, 7199.99958240002
09/30/99, 12.51, 12.51, 12.51, 12.51, 5849.99966070002
09/29/99, 12.78, 12.78, 12.78, 12.78, 899.999947800002
09/28/99, 12.74, 12.74, 12.74, 12.74, 13499.999217
09/27/99, 12.69, 12.69, 12.69, 12.69, 899.999947800002
09/23/99, 12.52, 12.52, 12.52, 12.52, 1799.9998956
09/22/99, 12.59, 12.59, 12.59, 12.59, 5849.99966070002
09/21/99, 12.20, 12.20, 12.20, 12.20, 7649.99955630002
09/20/99, 12.24, 12.24, 12.24, 12.24, 3599.99979120001
09/16/99, 11.80, 11.80, 11.80, 11.80, 46799.9972856001
09/09/99, 11.89, 11.89, 11.89, 11.89, 899.999947800002
09/08/99, 11.73, 11.73, 11.73, 11.73, 1349.9999217
09/07/99, 11.92, 11.92, 11.92, 11.92, 6749.99960850002
09/06/99, 12.00, 12.00, 12.00, 12.00, 1349.9999217
09/01/99, 12.58, 12.58, 12.58, 12.58, 4049.99976510001
08/31/99, 13.63, 13.63, 13.63, 13.63, 723149.958057302
08/30/99, 13.82, 13.82, 13.82, 13.82, 724949.957952902
08/26/99, 14.30, 14.30, 14.30, 14.30, 915749.946886502
08/25/99, 14.43, 14.43, 14.43, 14.43, 911249.947147502
08/24/99, 14.43, 14.43, 14.43, 14.43, 905399.947486802
08/23/99, 14.20, 14.20, 14.20, 14.20, 900449.947773902
08/19/99, 14.38, 14.38, 14.38, 14.38, 903149.947617302
08/18/99, 14.20, 14.20, 14.20, 14.20, 450449.973873901
08/17/99, 14.32, 14.32, 14.32, 14.32, 449999.973900001
08/16/99, 14.40, 14.40, 14.40, 14.40, 453149.973717301
08/12/99, 14.43, 14.43, 14.43, 14.43, 456749.973508501
08/11/99, 14.41, 14.41, 14.41, 14.41, 454499.973639001
08/10/99, 14.41, 14.41, 14.41, 14.41, 450449.973873901
08/09/99, 14.12, 14.12, 14.12, 14.12, 3599.99979120001
08/05/99, 14.33, 14.33, 14.33, 14.33, 905399.947486802
08/04/99, 14.18, 14.18, 14.18, 14.18, 201599.988307201
07/29/99, 15.42, 15.42, 15.42, 15.42, 38699.9977554001
07/28/99, 16.50, 16.50, 16.50, 16.50, 26099.9984862001
07/27/99, 14.99, 14.99, 14.99, 14.99, 13499.999217
07/26/99, 14.98, 14.98, 14.98, 14.98, 18449.9989299
07/22/99, 15.22, 15.22, 15.22, 15.22, 1799.9998956
07/21/99, 15.47, 15.47, 15.47, 15.47, 5849.99966070002
07/20/99, 15.78, 15.78, 15.78, 15.78, 449.999973900001
07/19/99, 15.50, 15.50, 15.50, 15.50, 7199.99958240002
07/15/99, 16.22, 16.22, 16.22, 16.22, 2699.99984340001
07/14/99, 16.09, 16.09, 16.09, 16.09, 9899.99942580002
07/13/99, 16.44, 16.44, 16.44, 16.44, 9449.99945190002
07/12/99, 16.69, 16.69, 16.69, 16.69, 7649.99955630002
07/07/99, 16.26, 16.26, 16.26, 16.26, 8099.99953020002
07/06/99, 15.91, 15.91, 15.91, 15.91, 8099.99953020002
07/05/99, 15.77, 15.77, 15.77, 15.77, 18899.9989038
06/30/99, 17.17, 17.17, 17.17, 17.17, 386549.977580101
06/29/99, 15.74, 15.74, 15.74, 15.74, 400949.976744901
06/28/99, 15.58, 15.58, 15.58, 15.58, 242099.985958201
06/24/99, 15.60, 15.60, 15.60, 15.60, 346949.979876901
06/23/99, 15.69, 15.69, 15.69, 15.69, 318599.981521201
06/22/99, 15.60, 15.60, 15.60, 15.60, 79199.9954064002
06/21/99, 15.44, 15.44, 15.44, 15.44, 48149.9972073001
06/17/99, 14.60, 14.60, 14.60, 14.60, 303749.982382501
06/16/99, 14.58, 14.58, 14.58, 14.58, 362699.978963401
06/15/99, 14.47, 14.47, 14.47, 14.47, 341999.980164001
06/14/99, 14.09, 14.09, 14.09, 14.09, 356849.979302701
06/10/99, 13.50, 13.50, 13.50, 13.50, 387449.977527901
06/09/99, 13.48, 13.48, 13.48, 13.48, 300599.982565201
06/08/99, 13.46, 13.46, 13.46, 13.46, 250199.985488401
06/07/99, 13.17, 13.17, 13.17, 13.17, 65249.9962155002
06/03/99, 12.31, 12.31, 12.31, 12.31, 8549.99950410002
06/02/99, 12.22, 12.22, 12.22, 12.22, 10799.9993736
06/01/99, 12.16, 12.16, 12.16, 12.16, 5849.99966070002
05/31/99, 12.10, 12.10, 12.10, 12.10, 8549.99950410002
05/27/99, 12.00, 12.00, 12.00, 12.00, 6749.99960850002
05/26/99, 12.04, 12.04, 12.04, 12.04, 7649.99955630002
05/25/99, 12.00, 12.00, 12.00, 12.00, 2249.99986950001
05/24/99, 12.03, 12.03, 12.03, 12.03, 10799.9993736
05/20/99, 12.01, 12.01, 12.01, 12.01, 11249.9993475
05/19/99, 12.21, 12.21, 12.21, 12.21, 22949.9986689001
05/18/99, 11.52, 11.52, 11.52, 11.52, 4949.99971290001
05/17/99, 11.42, 11.42, 11.42, 11.42, 9449.99945190002
05/13/99, 11.12, 11.12, 11.12, 11.12, 231749.986558501
05/12/99, 11.16, 11.16, 11.16, 11.16, 235349.986349701
05/10/99, 10.91, 10.91, 10.91, 10.91, 243449.985879901
05/06/99, 10.72, 10.72, 10.72, 10.72, 236699.986271401
05/05/99, 10.64, 10.64, 10.64, 10.64, 230849.986610701
05/04/99, 10.43, 10.43, 10.43, 10.43, 248849.985566701
05/03/99, 10.42, 10.42, 10.42, 10.42, 241649.985984301
04/28/99, 10.41, 10.41, 10.41, 10.41, 233099.986480201
04/26/99, 10.81, 10.81, 10.81, 10.81, 245699.985749401
04/22/99, 10.67, 10.67, 10.67, 10.67, 242999.985906001
04/21/99, 10.63, 10.63, 10.63, 10.63, 252899.985331801
04/20/99, 10.86, 10.86, 10.86, 10.86, 11699.9993214
04/19/99, 10.90, 10.90, 10.90, 10.90, 40949.9976249001
04/15/99, 10.24, 10.24, 10.24, 10.24, 11249.9993475
04/13/99, 10.61, 10.61, 10.61, 10.61, 5849.99966070002
04/08/99, 10.94, 10.94, 10.94, 10.94, 1799.9998956
04/06/99, 10.90, 10.90, 10.90, 10.90, 287999.983296001
04/05/99, 10.50, 10.50, 10.50, 10.50, 1799.9998956
04/01/99, 10.51, 10.51, 10.51, 10.51, 281699.983661401
03/31/99, 10.50, 10.50, 10.50, 10.50, 269999.984340001
03/25/99, 10.48, 10.48, 10.48, 10.48, 278999.983818001
03/24/99, 10.44, 10.44, 10.44, 10.44, 272699.984183401
08/06/98, 12.70, 12.70, 12.70, 12.70, 449.999973900001
08/05/98, 12.64, 12.64, 12.64, 12.64, 1799.9998956
08/04/98, 12.67, 12.67, 12.67, 12.67, 2249.99986950001
08/03/98, 12.73, 12.73, 12.73, 12.73, 8549.99950410002
07/29/98, 12.61, 12.61, 12.61, 12.61, 2249.99986950001
07/28/98, 12.56, 12.56, 12.56, 12.56, 4949.99971290001
07/27/98, 12.53, 12.53, 12.53, 12.53, 1799.9998956
07/23/98, 12.46, 12.46, 12.46, 12.46, 15749.9990865
07/22/98, 12.56, 12.56, 12.56, 12.56, 3599.99979120001
07/21/98, 12.67, 12.67, 12.67, 12.67, 11699.9993214
07/20/98, 12.72, 12.72, 12.72, 12.72, 5849.99966070002
07/15/98, 12.69, 12.69, 12.69, 12.69, 1799.9998956
07/14/98, 12.73, 12.73, 12.73, 12.73, 2699.99984340001
07/13/98, 12.68, 12.68, 12.68, 12.68, 4499.99973900001
07/09/98, 12.55, 12.55, 12.55, 12.55, 1349.9999217
07/06/98, 12.67, 12.67, 12.67, 12.67, 449.999973900001
07/02/98, 12.89, 12.89, 12.89, 12.89, 2699.99984340001
06/30/98, 13.48, 13.48, 13.48, 13.48, 71099.9958762002
06/25/98, 12.45, 12.45, 12.45, 12.45, 24749.9985645001
06/24/98, 12.54, 12.54, 12.54, 12.54, 60299.9965026002
06/23/98, 12.47, 12.47, 12.47, 12.47, 24299.9985906001
06/22/98, 12.48, 12.48, 12.48, 12.48, 5849.99966070002
06/17/98, 11.76, 11.76, 11.76, 11.76, 144899.9915958
06/16/98, 13.15, 13.15, 13.15, 13.15, 24749.9985645001
06/11/98, 12.97, 12.97, 12.97, 12.97, 3599.99979120001
06/10/98, 12.36, 12.36, 12.36, 12.36, 899.999947800002
06/09/98, 12.31, 12.31, 12.31, 12.31, 899.999947800002
06/08/98, 13.02, 13.02, 13.02, 13.02, 4949.99971290001
06/04/98, 14.14, 14.14, 14.14, 14.14, 11249.9993475
06/03/98, 12.99, 12.99, 12.99, 12.99, 22499.9986950001
06/02/98, 12.93, 12.93, 12.93, 12.93, 15299.9991126
06/01/98, 12.89, 12.89, 12.89, 12.89, 14849.9991387
05/28/98, 12.58, 12.58, 12.58, 12.58, 9449.99945190002
05/25/98, 11.94, 11.94, 11.94, 11.94, 9899.99942580002
05/20/98, 11.62, 11.62, 11.62, 11.62, 2249.99986950001
05/19/98, 11.40, 11.40, 11.40, 11.40, 854999.950410002
05/18/98, 11.70, 11.70, 11.70, 11.70, 5849.99966070002
05/14/98, 11.67, 11.67, 11.67, 11.67, 4499.99973900001
05/13/98, 11.66, 11.66, 11.66, 11.66, 2699.99984340001
05/12/98, 11.48, 11.48, 11.48, 11.48, 1349.9999217
05/11/98, 11.30, 11.30, 11.30, 11.30, 1349.9999217
05/05/98, 11.16, 11.16, 11.16, 11.16, 2249.99986950001
05/04/98, 11.07, 11.07, 11.07, 11.07, 2699.99984340001
04/30/98, 10.84, 10.84, 10.84, 10.84, 4499.99973900001
04/29/98, 10.71, 10.71, 10.71, 10.71, 1349.9999217
04/28/98, 11.22, 11.22, 11.22, 11.22, 2699.99984340001
04/27/98, 11.26, 11.26, 11.26, 11.26, 4499.99973900001
04/23/98, 11.33, 11.33, 11.33, 11.33, 93149.9945973002
04/22/98, 11.29, 11.29, 11.29, 11.29, 6749.99960850002
04/21/98, 11.33, 11.33, 11.33, 11.33, 11249.9993475
04/20/98, 11.56, 11.56, 11.56, 11.56, 6299.99963460002
04/16/98, 11.80, 11.80, 11.80, 11.80, 18989.99889858
04/06/98, 13.11, 13.11, 13.11, 13.11, 449.999973900001
04/02/98, 13.37, 13.37, 13.37, 13.37, 13499.999217
04/01/98, 13.62, 13.62, 13.62, 13.62, 5849.99966070002
03/31/98, 13.22, 13.22, 13.22, 13.22, 3149.99981730001
03/30/98, 13.25, 13.25, 13.25, 13.25, 8549.99950410002
03/25/98, 14.01, 14.01, 14.01, 14.01, 17999.998956
03/24/98, 13.98, 13.98, 13.98, 13.98, 11249.9993475
03/23/98, 13.96, 13.96, 13.96, 13.96, 17549.9989821
03/19/98, 14.02, 14.02, 14.02, 14.02, 6749.99960850002
03/18/98, 14.07, 14.07, 14.07, 14.07, 8549.99950410002
03/16/98, 14.11, 14.11, 14.11, 14.11, 6749.99960850002
03/11/98, 14.40, 14.40, 14.40, 14.40, 8099.99953020002
03/10/98, 14.14, 14.14, 14.14, 14.14, 2249.99986950001
03/09/98, 14.04, 14.04, 14.04, 14.04, 2699.99984340001
03/05/98, 15.00, 15.00, 15.00, 15.00, 3599.99979120001
03/02/98, 14.81, 14.81, 14.81, 14.81, 4049.99976510001
02/25/98, 15.44, 15.44, 15.44, 15.44, 6299.99963460002
02/24/98, 15.45, 15.45, 15.45, 15.45, 1799.9998956
02/19/98, 15.62, 15.62, 15.62, 15.62, 8999.99947800002
02/18/98, 15.63, 15.63, 15.63, 15.63, 12599.9992692
02/10/98, 15.44, 15.44, 15.44, 15.44, 1799.9998956
02/09/98, 15.46, 15.46, 15.46, 15.46, 4769.99972334001
02/05/98, 15.44, 15.44, 15.44, 15.44, 1799.9998956
02/04/98, 15.70, 15.70, 15.70, 15.70, 899.999947800002
02/03/98, 15.98, 15.98, 15.98, 15.98, 3599.99979120001
02/02/98, 16.37, 16.37, 16.37, 16.37, 5849.99966070002
01/28/98, 15.79, 15.79, 15.79, 15.79, 6749.99960850002
01/20/98, 14.79, 14.79, 14.79, 14.79, 3149.99981730001
01/14/98, 14.78, 14.78, 14.78, 14.78, 11294.99934489
01/12/98, 14.76, 14.76, 14.76, 14.76, 62999.9963460002
01/06/98, 14.50, 14.50, 14.50, 14.50, 134999.99217
12/23/97, 14.17, 14.17, 14.17, 14.17, 134999.99217
12/17/97, 14.56, 14.56, 14.56, 14.56, 4049.99976510001
12/11/97, 13.89, 13.89, 13.89, 13.89, 449999.973900001
12/08/97, 14.36, 14.36, 14.36, 14.36, 449.999973900001
12/02/97, 14.25, 14.25, 14.25, 14.25, 1799.9998956
12/01/97, 13.81, 13.81, 13.81, 13.81, 1799.9998956
11/27/97, 14.45, 14.45, 14.45, 14.45, 1664999.90343
11/25/97, 14.93, 14.93, 14.93, 14.93, 1079999.93736
11/19/97, 15.76, 15.76, 15.76, 15.76, 9449.99945190002
11/18/97, 15.61, 15.61, 15.61, 15.61, 1304999.92431
11/17/97, 15.89, 15.89, 15.89, 15.89, 23849.9986167001
11/11/97, 15.33, 15.33, 15.33, 15.33, 899.999947800002
11/10/97, 15.64, 15.64, 15.64, 15.64, 17549.9989821
11/05/97, 15.70, 15.70, 15.70, 15.70, 18449.9989299
11/03/97, 16.06, 16.06, 16.06, 16.06, 15749.9990865
10/30/97, 14.60, 14.60, 14.60, 14.60, 4184999.75727001
10/28/97, 13.89, 13.89, 13.89, 13.89, 57599.9966592002
10/27/97, 15.35, 15.35, 15.35, 15.35, 9899.99942580002
10/23/97, 15.98, 15.98, 15.98, 15.98, 40949.9976249001
10/22/97, 16.05, 16.05, 16.05, 16.05, 47249.9972595001
10/21/97, 15.94, 15.94, 15.94, 15.94, 8999.99947800002
10/20/97, 16.11, 16.11, 16.11, 16.11, 28799.9983296001
10/16/97, 15.99, 15.99, 15.99, 15.99, 25649.9985123001
10/15/97, 15.85, 15.85, 15.85, 15.85, 51299.9970246001
10/13/97, 17.22, 17.22, 17.22, 17.22, 67499.9960850002
10/09/97, 17.43, 17.43, 17.43, 17.43, 44099.9974422001
10/07/97, 17.22, 17.22, 17.22, 17.22, 60299.9965026002
10/02/97, 15.76, 15.76, 15.76, 15.76, 59849.9965287002
10/01/97, 15.44, 15.44, 15.44, 15.44, 34649.9979903001
09/30/97, 15.03, 15.03, 15.03, 15.03, 33749.9980425001
09/29/97, 15.20, 15.20, 15.20, 15.20, 53099.9969202001
09/24/97, 15.31, 15.31, 15.31, 15.31, 61199.9964504002
09/23/97, 15.07, 15.07, 15.07, 15.07, 33299.9980686001
09/18/97, 17.03, 17.03, 17.03, 17.03, 7199.99958240002
09/15/97, 14.97, 14.97, 14.97, 14.97, 30599.9982252001
09/11/97, 13.11, 13.11, 13.11, 13.11, 29699.9982774001
09/10/97, 12.27, 12.27, 12.27, 12.27, 37349.9978337001
09/09/97, 11.63, 11.63, 11.63, 11.63, 4949.99971290001
09/08/97, 12.33, 12.33, 12.33, 12.33, 13949.9991909
09/02/97, 10.57, 10.57, 10.57, 10.57, 404999.976510001
09/01/97, 11.44, 11.44, 11.44, 11.44, 8999.99947800002
08/28/97, 11.91, 11.91, 11.91, 11.91, 12149.9992953
08/26/97, 12.28, 12.28, 12.28, 12.28, 1349999.9217
08/21/97, 12.62, 12.62, 12.62, 12.62, 764999.955630002
08/20/97, 13.00, 13.00, 13.00, 13.00, 20249.9988255
08/19/97, 13.00, 13.00, 13.00, 13.00, 18449.9989299
08/18/97, 12.73, 12.73, 12.73, 12.73, 11699.9993214
08/13/97, 12.84, 12.84, 12.84, 12.84, 10799.9993736
08/12/97, 12.93, 12.93, 12.93, 12.93, 41849.9975727001
08/11/97, 13.11, 13.11, 13.11, 13.11, 4724999.72595001
08/06/97, 13.14, 13.14, 13.14, 13.14, 70919.9958866402
08/05/97, 12.93, 12.93, 12.93, 12.93, 36899.9978598001
07/31/97, 14.30, 14.30, 14.30, 14.30, 12599.9992692
07/30/97, 14.30, 14.30, 14.30, 14.30, 32849.9980947001
07/28/97, 14.82, 14.82, 14.82, 14.82, 7649.99955630002
07/23/97, 14.87, 14.87, 14.87, 14.87, 8999.99947800002
07/22/97, 14.65, 14.65, 14.65, 14.65, 9449.99945190002
07/21/97, 14.15, 14.15, 14.15, 14.15, 17099.9990082
07/17/97, 14.44, 14.44, 14.44, 14.44, 449.999973900001
07/16/97, 14.59, 14.59, 14.59, 14.59, 16199.9990604
07/14/97, 13.79, 13.79, 13.79, 13.79, 5849.99966070002
07/10/97, 15.27, 15.27, 15.27, 15.27, 31049.9981991001
07/09/97, 15.28, 15.28, 15.28, 15.28, 19349.9988777
07/08/97, 15.21, 15.21, 15.21, 15.21, 27449.9984079001
07/07/97, 15.40, 15.40, 15.40, 15.40, 16199.9990604